PS C:\sdpb_eft> python -m eft_bounds.run_bounds --output-dir pmp_files --d 4 --K 8 --max-spin 50 --precision 1024
{
  "output_dir": "pmp_files",
  "d": 4,
  "K": 8,
  "max_spin": 50,
  "all_checks_passed": true,
  "files": {
    "checks": "pmp_files\\csdr_checks_d4.json",
    "kernel_table": "pmp_files\\csdr_kernel_table_d4_K8.json",
    "pmp_files": {
      "upper_(2, 0)_(1, 0)": "pmp_files\\csdr_pmp_upper_W2_0_over_W1_0_d4_K8.json",
      "lower_(2, 0)_(1, 0)": "pmp_files\\csdr_pmp_lower_W2_0_over_W1_0_d4_K8.json",
      "upper_(1, 1)_(1, 0)": "pmp_files\\csdr_pmp_upper_W1_1_over_W1_0_d4_K8.json",
      "lower_(1, 1)_(1, 0)": "pmp_files\\csdr_pmp_lower_W1_1_over_W1_0_d4_K8.json"
    }
  }
}
PS C:\sdpb_eft> docker run --rm --platform linux/amd64 `
>>   -v "C:/sdpb_eft/:/usr/local/share/sdpb/" `
>>   bootstrapcollaboration/sdpb:3.1.0 `
>>   pmp2sdp --precision=1024 `
>>     --input=/usr/local/share/sdpb/pmp_files/csdr_pmp_lower_W2_0_over_W1_0_d4_K8.json `
>>     --output=/usr/local/share/sdpb/sdp_lower_g4
>>
Warning: Output path "/usr/local/share/sdpb/sdp_lower_g4" exists and will be overwritten.
Processed 26 SDP blocks in 1.938 seconds, output: /usr/local/share/sdpb/sdp_lower_g4
PS C:\sdpb_eft> docker run --rm --platform linux/amd64 `
>>   -v "C:/sdpb_eft/:/usr/local/share/sdpb/" `
>>   bootstrapcollaboration/sdpb:3.1.0 `
>>   pmp2sdp --precision=1024 `
>>     --input=/usr/local/share/sdpb/pmp_files/csdr_pmp_upper_W2_0_over_W1_0_d4_K8.json `
>>     --output=/usr/local/share/sdpb/sdp_upper_g4
>>
Processed 26 SDP blocks in 1.945 seconds, output: /usr/local/share/sdpb/sdp_upper_g4
PS C:\sdpb_eft> docker run --rm --platform linux/amd64 `
>>   -v "C:/sdpb_eft/:/usr/local/share/sdpb/" `
>>   bootstrapcollaboration/sdpb:3.1.0 `
>>   pmp2sdp --precision=1024 `
>>     --input=/usr/local/share/sdpb/pmp_files/csdr_pmp_lower_W1_1_over_W1_0_d4_K8.json `
>>     --output=/usr/local/share/sdpb/sdp_lower_g3
>>
Processed 26 SDP blocks in 1.841 seconds, output: /usr/local/share/sdpb/sdp_lower_g3
PS C:\sdpb_eft> docker run --rm --platform linux/amd64 `
>>   -v "C:/sdpb_eft/:/usr/local/share/sdpb/" `
>>   bootstrapcollaboration/sdpb:3.1.0 `
>>   pmp2sdp --precision=1024 `
>>     --input=/usr/local/share/sdpb/pmp_files/csdr_pmp_upper_W1_1_over_W1_0_d4_K8.json `
>>     --output=/usr/local/share/sdpb/sdp_upper_g3
>>
Processed 26 SDP blocks in 1.802 seconds, output: /usr/local/share/sdpb/sdp_upper_g3
PS C:\sdpb_eft> docker run --rm --platform linux/amd64 `
>>   -v "C:/sdpb_eft/:/usr/local/share/sdpb/" `
>>   bootstrapcollaboration/sdpb:3.1.0 `
>>   mpirun --allow-run-as-root -n 4 sdpb --precision=1024 `
>>     -s /usr/local/share/sdpb/sdp_lower_g4 `
>>     -o /usr/local/share/sdpb/out_lower_g4 `
>>     --checkpointDir /usr/local/share/sdpb/ck_lower_g4 `
>>     --writeSolution x,y
>>
2026-Apr-30 12:44:04 Start SDPB
SDPB version: 3.1.0
MPI processes: 4, nodes: 1
SDP directory   : "/usr/local/share/sdpb/sdp_lower_g4"
out directory   : "/usr/local/share/sdpb/out_lower_g4"

Parameters:
maxIterations                = 500
maxRuntime                   = 9223372036854775807
checkpointInterval           = 3600
maxSharedMemory              = 0 B
findPrimalFeasible           = false
findDualFeasible             = false
detectPrimalFeasibleJump     = false
detectDualFeasibleJump       = false
precision(actual)            = 1024(1024)
dualityGapThreshold          = 1e-30
primalErrorThreshold         = 1e-30
dualErrorThreshold           = 1e-30
initialMatrixScalePrimal     = 1e+20
initialMatrixScaleDual       = 1e+20
feasibleCenteringParameter   = 0.1
infeasibleCenteringParameter = 0.3
stepLengthReduction          = 0.7
maxComplementarity           = 1e+100
initialCheckpointDir         = "/usr/local/share/sdpb/ck_lower_g4"
checkpointDir                = "/usr/local/share/sdpb/ck_lower_g4"
noFinalCheckpoint            = false
writeSolution                = x,y
procGranularity              = 1
verbosity                    = 1

2026-Apr-30 12:44:04 Start timing run
Initialize SDP solver
        primal dimension: 234
        dual dimension: 13
        SDP blocks: 26
2026-Apr-30 12:44:06 Start solver iterations
node=0: Set --maxSharedMemory=7.3 GB (7833400376 bytes)

          time    mu     P-obj       D-obj      gap         P-err       p-err       D-err      P-step   D-step   beta
---------------------------------------------------------------------------------------------------------------------
1            0 1.0e+40  +0.00       +0.00       0.00       +1.00e+20   +1.00       +1.08e+20   0.541    0.619    0.300
2            0 5.8e+39  +3.64e+21   -2.82e+18   1.00       +4.59e+19   +0.459      +4.11e+19   0.628    0.619    0.300
3            0 3.0e+39  +3.71e+21   -5.33e+18   1.00       +1.71e+19   +0.171      +1.56e+19   0.633    0.628    0.300
4            0 1.5e+39  +2.47e+21   -8.30e+18   1.00       +6.27e+18   +0.0627     +5.82e+18   0.639    0.632    0.300
5            0 7.6e+38  +1.39e+21   -1.19e+19   1.00       +2.27e+18   +0.0227     +2.14e+18   0.646    0.634    0.300
6            0 3.8e+38  +7.14e+20   -1.63e+19   1.00       +8.04e+17   +0.00804    +7.83e+17   0.650    0.635    0.300
7            0 1.8e+38  +3.48e+20   -2.19e+19   1.00       +2.82e+17   +0.00282    +2.86e+17   0.643    0.635    0.300
8            0 9.2e+37  +1.68e+20   -2.92e+19   1.00       +1.01e+17   +0.00101    +1.04e+17   0.638    0.635    0.300
9            0 4.6e+37  +8.15e+19   -3.85e+19   1.00       +3.64e+16   +0.000364   +3.80e+16   0.635    0.634    0.300
10           0 2.3e+37  +4.02e+19   -5.08e+19   1.00       +1.33e+16   +0.000133   +1.39e+16   0.633    0.633    0.300
11           1 1.2e+37  +2.02e+19   -6.71e+19   1.00       +4.86e+15   +4.86e-05   +5.10e+15   0.632    0.633    0.300
12           1 5.9e+36  +1.04e+19   -8.90e+19   1.00       +1.79e+15   +1.79e-05   +1.87e+15   0.631    0.633    0.300
13           1 3.0e+36  +5.50e+18   -1.19e+20   1.00       +6.60e+14   +6.60e-06   +6.88e+14   0.630    0.632    0.300
14           1 1.5e+36  +2.97e+18   -1.59e+20   1.00       +2.44e+14   +2.44e-06   +2.53e+14   0.630    0.632    0.300
15           1 7.8e+35  +1.64e+18   -2.14e+20   1.00       +9.02e+13   +9.02e-07   +9.29e+13   0.630    0.632    0.300
16           1 4.0e+35  +9.18e+17   -2.89e+20   1.00       +3.34e+13   +3.34e-07   +3.42e+13   0.631    0.632    0.300
17           1 2.0e+35  +5.24e+17   -3.91e+20   1.00       +1.23e+13   +1.23e-07   +1.26e+13   0.631    0.632    0.300
18           1 1.0e+35  +3.05e+17   -5.33e+20   1.00       +4.55e+12   +4.55e-08   +4.62e+12   0.631    0.633    0.300
19           1 5.2e+34  +1.80e+17   -7.27e+20   1.00       +1.68e+12   +1.68e-08   +1.70e+12   0.631    0.633    0.300
20           1 2.7e+34  +1.08e+17   -9.96e+20   1.00       +6.19e+11   +6.19e-09   +6.23e+11   0.632    0.633    0.300
21           1 1.4e+34  +6.58e+16   -1.37e+21   1.00       +2.28e+11   +2.28e-09   +2.29e+11   0.632    0.633    0.300
22           2 6.9e+33  +4.08e+16   -1.88e+21   1.00       +8.39e+10   +8.39e-10   +8.41e+10   0.632    0.633    0.300
23           2 3.5e+33  +2.56e+16   -2.58e+21   1.00       +3.09e+10   +3.09e-10   +3.09e+10   0.632    0.633    0.300
24           2 1.8e+33  +1.63e+16   -3.56e+21   1.00       +1.14e+10   +1.14e-10   +1.13e+10   0.632    0.633    0.300
25           2 9.0e+32  +1.06e+16   -4.90e+21   1.00       +4.18e+09   +4.18e-11   +4.17e+09   0.632    0.633    0.300
26           2 4.6e+32  +6.93e+15   -6.76e+21   1.00       +1.54e+09   +1.54e-11   +1.53e+09   0.632    0.633    0.300
27           2 2.3e+32  +4.60e+15   -9.32e+21   1.00       +5.65e+08   +5.65e-12   +5.62e+08   0.632    0.633    0.300
28           2 1.2e+32  +3.08e+15   -1.29e+22   1.00       +2.08e+08   +2.08e-12   +2.06e+08   0.632    0.633    0.300
29           2 5.9e+31  +2.09e+15   -1.77e+22   1.00       +7.64e+07   +7.64e-13   +7.58e+07   0.632    0.633    0.300
30           2 3.0e+31  +1.42e+15   -2.45e+22   1.00       +2.81e+07   +2.81e-13   +2.78e+07   0.632    0.633    0.300
31           2 1.5e+31  +9.80e+14   -3.37e+22   1.00       +1.03e+07   +1.03e-13   +1.02e+07   0.632    0.633    0.300
32           2 7.7e+30  +6.78e+14   -4.65e+22   1.00       +3.80e+06   +3.80e-14   +3.75e+06   0.632    0.633    0.300
33           3 3.9e+30  +4.72e+14   -6.41e+22   1.00       +1.40e+06   +1.40e-14   +1.38e+06   0.632    0.633    0.300
34           3 2.0e+30  +3.30e+14   -8.85e+22   1.00       +5.14e+05   +5.14e-15   +5.06e+05   0.632    0.633    0.300
35           3 1.0e+30  +2.31e+14   -1.22e+23   1.00       +1.89e+05   +1.89e-15   +1.86e+05   0.632    0.633    0.300
36           3 5.1e+29  +1.63e+14   -1.68e+23   1.00       +6.94e+04   +6.94e-16   +6.83e+04   0.632    0.633    0.300
37           3 2.6e+29  +1.15e+14   -2.32e+23   1.00       +2.55e+04   +2.55e-16   +2.51e+04   0.632    0.633    0.300
38           3 1.3e+29  +8.11e+13   -3.20e+23   1.00       +9.39e+03   +9.39e-17   +9.21e+03   0.632    0.633    0.300
39           3 6.7e+28  +5.74e+13   -4.42e+23   1.00       +3.45e+03   +3.45e-17   +3.38e+03   0.632    0.633    0.300
40           3 3.4e+28  +4.07e+13   -6.09e+23   1.00       +1.27e+03   +1.27e-17   +1.24e+03   0.632    0.633    0.300
41           3 1.7e+28  +2.89e+13   -8.40e+23   1.00       +467.       +4.67e-18   +456.       0.632    0.633    0.300
42           3 8.7e+27  +2.05e+13   -1.16e+24   1.00       +172.       +1.72e-18   +168.       0.632    0.633    0.300
43           3 4.4e+27  +1.46e+13   -1.60e+24   1.00       +63.1       +6.31e-19   +61.5       0.632    0.633    0.300
44           4 2.2e+27  +1.04e+13   -2.20e+24   1.00       +23.2       +2.32e-19   +22.6       0.632    0.633    0.300
45           4 1.1e+27  +7.37e+12   -3.04e+24   1.00       +8.53       +8.53e-20   +8.30       0.632    0.633    0.300
46           4 5.8e+26  +5.24e+12   -4.19e+24   1.00       +3.14       +3.14e-20   +3.05       0.632    0.633    0.300
47           4 2.9e+26  +3.73e+12   -5.78e+24   1.00       +1.15       +1.15e-20   +1.12       0.632    0.633    0.300
48           4 1.5e+26  +2.66e+12   -7.95e+24   1.00       +0.424      +4.24e-21   +0.411      0.632    0.633    0.300
49           4 7.5e+25  +1.90e+12   -1.09e+25   1.00       +0.156      +1.56e-21   +0.151      0.632    0.633    0.300
50           4 3.8e+25  +1.36e+12   -1.49e+25   1.00       +0.0574     +5.74e-22   +0.0555     0.631    0.633    0.300
51           4 1.9e+25  +9.91e+11   -1.99e+25   1.00       +0.0212     +2.12e-22   +0.0204     0.629    0.632    0.300
52           4 9.9e+24  +7.45e+11   -2.52e+25   1.00       +0.00786    +7.86e-23   +0.00750    0.624    0.631    0.300
53           4 5.2e+24  +6.04e+11   -2.80e+25   1.00       +0.00296    +2.96e-23   +0.00276    0.616    0.630    0.300
54           4 2.7e+24  +5.67e+11   -2.30e+25   1.00       +0.00113    +1.13e-23   +0.00102    0.612    0.629    0.300
55           5 1.4e+24  +6.58e+11   -1.07e+25   1.00       +0.000440   +4.40e-24   +0.000379   0.625    0.580    0.300
56           5 7.4e+23  +9.63e+11   -3.44e+24   1.00       +0.000165   +1.65e-24   +0.000159   0.636    0.634    0.300
57           5 3.7e+23  +1.37e+12   -1.51e+24   1.00       +6.00e-05   +6.00e-25   +5.82e-05   0.631    0.632    0.300
58           5 1.9e+23  +1.72e+12   -7.19e+23   1.00       +2.21e-05   +2.21e-25   +2.14e-05   0.630    0.632    0.300
59           5 9.7e+22  +2.06e+12   -3.53e+23   1.00       +8.18e-06   +8.18e-26   +7.89e-06   0.631    0.632    0.300
60           5 5.0e+22  +2.43e+12   -1.75e+23   1.00       +3.02e-06   +3.02e-26   +2.91e-06   0.631    0.632    0.300
61           5 2.5e+22  +2.86e+12   -8.78e+22   1.00       +1.11e-06   +1.11e-26   +1.07e-06   0.631    0.632    0.300
62           5 1.3e+22  +3.36e+12   -4.40e+22   1.00       +4.11e-07   +4.11e-27   +3.93e-07   0.632    0.633    0.300
63           5 6.5e+21  +3.95e+12   -2.21e+22   1.00       +1.51e-07   +1.51e-27   +1.44e-07   0.632    0.633    0.300
64           5 3.3e+21  +4.66e+12   -1.10e+22   1.00       +5.57e-08   +5.57e-28   +5.31e-08   0.632    0.633    0.300
65           5 1.7e+21  +5.55e+12   -5.42e+21   1.00       +2.05e-08   +2.05e-28   +1.95e-08   0.632    0.633    0.300
66           5 8.6e+20  +6.70e+12   -2.56e+21   1.00       +7.55e-09   +7.55e-29   +7.16e-09   0.631    0.633    0.300
67           6 4.3e+20  +8.33e+12   -1.09e+21   1.00       +2.79e-09   +2.79e-29   +2.63e-09   0.630    0.632    0.300
68           6 2.2e+20  +1.09e+13   -3.48e+20   1.00       +1.03e-09   +1.03e-29   +9.68e-10   0.628    0.632    0.300
69           6 1.1e+20  +1.51e+13   +3.07e+19   1.00       +3.83e-10   +3.83e-30   +3.56e-10   0.611    0.600    0.300
70           6 6.0e+19  +2.26e+13   +2.19e+20   1.00       +1.49e-10   +1.49e-30   +1.42e-10   0.562    0.530    0.300
71           6 3.5e+19  +3.44e+13   +3.26e+20   1.00       +6.52e-11   +6.52e-31   +6.69e-11   0.472    0.462    0.300
72           6 2.4e+19  +4.95e+13   +4.15e+20   1.00       +3.44e-11   +3.44e-31   +3.60e-11   0.399    0.400    0.300
73           6 1.8e+19  +6.80e+13   +5.09e+20   1.00       +2.07e-11   +2.07e-31   +2.16e-11   0.340    0.348    0.300
74           6 1.4e+19  +9.15e+13   +6.20e+20   1.00       +1.37e-11   +1.37e-31   +1.41e-11   0.305    0.296    0.300
75           6 1.2e+19  +1.21e+14   +7.52e+20   1.00       +9.50e-12   +9.50e-32   +9.91e-12   0.307    0.246    0.300
76           6 1.0e+19  +1.59e+14   +9.15e+20   1.00       +6.58e-12   +6.58e-32   +7.47e-12   0.342    0.202    0.322
77           6 8.1e+18  +2.09e+14   +1.14e+21   1.00       +4.33e-12   +4.33e-32   +5.96e-12   0.296    0.163    1.04
78           6 7.6e+18  +2.71e+14   +1.60e+21   1.00       +3.05e-12   +3.05e-32   +4.99e-12   0.130    0.101    3.29
79           6 9.9e+18  +3.33e+14   +2.50e+21   1.00       +2.65e-12   +2.65e-32   +4.49e-12   0.0819   0.0668   4.88
80           6 1.4e+19  +4.03e+14   +3.57e+21   1.00       +2.43e-12   +2.43e-32   +4.19e-12   0.0840   0.0752   4.97
81           7 1.9e+19  +4.97e+14   +5.12e+21   1.00       +2.23e-12   +2.23e-32   +3.88e-12   0.0831   0.0732   4.63
82           7 2.6e+19  +6.15e+14   +6.94e+21   1.00       +2.04e-12   +2.04e-32   +3.59e-12   0.101    0.0954   4.40
83           7 3.7e+19  +7.61e+14   +1.01e+22   1.00       +1.84e-12   +1.84e-32   +3.25e-12   0.0841   0.0740   4.40
84           7 5.0e+19  +9.34e+14   +1.34e+22   1.00       +1.68e-12   +1.68e-32   +3.01e-12   0.106    0.108    4.20
85           7 7.3e+19  +1.16e+15   +1.99e+22   1.00       +1.50e-12   +1.50e-32   +2.68e-12   0.0825   0.0726   4.20
86           7 9.8e+19  +1.43e+15   +2.56e+22   1.00       +1.38e-12   +1.38e-32   +2.49e-12   0.119    0.107    3.97
87           7 1.4e+20  +1.79e+15   +3.73e+22   1.00       +1.22e-12   +1.22e-32   +2.22e-12   0.0939   0.0797   4.25
88           7 1.9e+20  +2.19e+15   +5.01e+22   1.00       +1.10e-12   +1.10e-32   +2.05e-12   0.114    0.0980   4.19
89           7 2.7e+20  +2.74e+15   +7.21e+22   1.00       +9.77e-13   +9.77e-33   +1.85e-12   0.0972   0.0841   4.36
90           7 3.7e+20  +3.38e+15   +9.92e+22   1.00       +8.82e-13   +8.82e-33   +1.69e-12   0.108    0.0926   4.34
91           7 5.2e+20  +4.21e+15   +1.41e+23   1.00       +7.86e-13   +7.86e-33   +1.53e-12   0.0987   0.0828   4.39
92           7 7.2e+20  +5.20e+15   +1.94e+23   1.00       +7.09e-13   +7.09e-33   +1.41e-12   0.110    0.0923   4.40
93           8 1.0e+21  +6.48e+15   +2.78e+23   1.00       +6.31e-13   +6.31e-33   +1.28e-12   0.0977   0.0786   4.49
94           8 1.4e+21  +7.99e+15   +3.78e+23   1.00       +5.69e-13   +5.69e-33   +1.18e-12   0.112    0.0932   4.48
95           8 2.0e+21  +9.95e+15   +5.48e+23   1.00       +5.06e-13   +5.06e-33   +1.07e-12   0.0941   0.0737   4.64
96           8 2.7e+21  +1.23e+16   +7.40e+23   1.00       +4.58e-13   +4.58e-33   +9.88e-13   0.113    0.0940   4.58
97           8 3.9e+21  +1.53e+16   +1.09e+24   1.00       +4.06e-13   +4.06e-33   +8.95e-13   0.0905   0.0700   4.77
98           8 5.3e+21  +1.88e+16   +1.45e+24   1.00       +3.69e-13   +3.69e-33   +8.32e-13   0.114    0.0942   4.64
99           8 7.6e+21  +2.33e+16   +2.14e+24   1.00       +3.27e-13   +3.27e-33   +7.54e-13   0.0885   0.0683   4.84
100          8 1.0e+22  +2.87e+16   +2.86e+24   1.00       +2.98e-13   +2.98e-33   +7.03e-13   0.113    0.0939   4.67
101          8 1.5e+22  +3.56e+16   +4.22e+24   1.00       +2.65e-13   +2.65e-33   +6.37e-13   0.0878   0.0682   4.87
102          8 2.0e+22  +4.37e+16   +5.63e+24   1.00       +2.41e-13   +2.41e-33   +5.93e-13   0.112    0.0934   4.68
103          8 2.9e+22  +5.43e+16   +8.30e+24   1.00       +2.14e-13   +2.14e-33   +5.38e-13   0.0880   0.0688   4.86
104          8 4.0e+22  +6.67e+16   +1.11e+25   1.00       +1.95e-13   +1.95e-33   +5.01e-13   0.112    0.0930   4.68
105          8 5.8e+22  +8.29e+16   +1.63e+25   1.00       +1.74e-13   +1.74e-33   +4.54e-13   0.0885   0.0696   4.84
106          8 8.0e+22  +1.02e+17   +2.18e+25   1.00       +1.58e-13   +1.58e-33   +4.23e-13   0.111    0.0927   4.67
107          9 1.1e+23  +1.27e+17   +3.20e+25   1.00       +1.41e-13   +1.41e-33   +3.83e-13   0.0891   0.0701   4.82
108          9 1.6e+23  +1.55e+17   +4.30e+25   1.00       +1.28e-13   +1.28e-33   +3.56e-13   0.111    0.0926   4.66
109          9 2.2e+23  +1.93e+17   +6.30e+25   1.00       +1.14e-13   +1.14e-33   +3.23e-13   0.0895   0.0704   4.81
110          9 3.1e+23  +2.37e+17   +8.46e+25   1.00       +1.04e-13   +1.04e-33   +3.01e-13   0.111    0.0926   4.66
111          9 4.4e+23  +2.95e+17   +1.24e+26   1.00       +9.22e-14   +9.22e-34   +2.73e-13   0.0895   0.0703   4.81
112          9 6.1e+23  +3.63e+17   +1.66e+26   1.00       +8.39e-14   +8.39e-34   +2.54e-13   0.111    0.0926   4.66
113          9 8.7e+23  +4.51e+17   +2.44e+26   1.00       +7.46e-14   +7.46e-34   +2.30e-13   0.0895   0.0702   4.82
114          9 1.2e+24  +5.54e+17   +3.27e+26   1.00       +6.79e-14   +6.79e-34   +2.14e-13   0.112    0.0927   4.66
115          9 1.7e+24  +6.89e+17   +4.80e+26   1.00       +6.03e-14   +6.03e-34   +1.94e-13   0.0893   0.0700   4.82
116          9 2.3e+24  +8.46e+17   +6.44e+26   1.00       +5.49e-14   +5.49e-34   +1.81e-13   0.112    0.0927   4.66
117          9 3.4e+24  +1.05e+18   +9.45e+26   1.00       +4.88e-14   +4.88e-34   +1.64e-13   0.0892   0.0699   4.82
118          9 4.6e+24  +1.29e+18   +1.27e+27   1.00       +4.44e-14   +4.44e-34   +1.52e-13   0.112    0.0928   4.67
119          9 6.6e+24  +1.61e+18   +1.86e+27   1.00       +3.95e-14   +3.95e-34   +1.38e-13   0.0891   0.0699   4.83
120          9 9.1e+24  +1.97e+18   +2.49e+27   1.00       +3.60e-14   +3.60e-34   +1.29e-13   0.112    0.0928   4.67
121         10 1.3e+25  +2.45e+18   +3.66e+27   1.00       +3.20e-14   +3.20e-34   +1.17e-13   0.0891   0.0699   4.83
122         10 1.8e+25  +3.01e+18   +4.91e+27   1.00       +2.91e-14   +2.91e-34   +1.09e-13   0.112    0.0927   4.67
123         10 2.6e+25  +3.74e+18   +7.20e+27   1.00       +2.59e-14   +2.59e-34   +9.85e-14   0.0891   0.0699   4.83
124         10 3.5e+25  +4.60e+18   +9.66e+27   1.00       +2.36e-14   +2.36e-34   +9.16e-14   0.112    0.0927   4.67
125         10 5.0e+25  +5.72e+18   +1.42e+28   1.00       +2.09e-14   +2.09e-34   +8.31e-14   0.0892   0.0699   4.82
126         10 6.9e+25  +7.03e+18   +1.90e+28   1.00       +1.91e-14   +1.91e-34   +7.73e-14   0.112    0.0927   4.67
127         10 9.9e+25  +8.73e+18   +2.79e+28   1.00       +1.69e-14   +1.69e-34   +7.01e-14   0.0892   0.0700   4.82
128         10 1.4e+26  +1.07e+19   +3.74e+28   1.00       +1.54e-14   +1.54e-34   +6.52e-14   0.112    0.0927   4.67
129         10 2.0e+26  +1.33e+19   +5.49e+28   1.00       +1.37e-14   +1.37e-34   +5.92e-14   0.0892   0.0700   4.82
130         10 2.7e+26  +1.64e+19   +7.36e+28   1.00       +1.25e-14   +1.25e-34   +5.50e-14   0.112    0.0927   4.67
131         10 3.8e+26  +2.04e+19   +1.08e+29   1.00       +1.11e-14   +1.11e-34   +4.99e-14   0.0892   0.0700   4.82
132         10 5.3e+26  +2.50e+19   +1.45e+29   1.00       +1.01e-14   +1.01e-34   +4.64e-14   0.112    0.0927   4.67
133         10 7.6e+26  +3.11e+19   +2.12e+29   1.00       +8.97e-15   +8.97e-35   +4.21e-14   0.0892   0.0699   4.82
134         10 1.0e+27  +3.82e+19   +2.85e+29   1.00       +8.17e-15   +8.17e-35   +3.92e-14   0.112    0.0927   4.67
135         10 1.5e+27  +4.75e+19   +4.18e+29   1.00       +7.26e-15   +7.26e-35   +3.55e-14   0.0892   0.0699   4.82
136         10 2.0e+27  +5.83e+19   +5.61e+29   1.00       +6.61e-15   +6.61e-35   +3.31e-14   0.112    0.0927   4.67
137         10 2.9e+27  +7.25e+19   +8.23e+29   1.00       +5.88e-15   +5.88e-35   +3.00e-14   0.0892   0.0699   4.82
138         11 4.0e+27  +8.91e+19   +1.10e+30   1.00       +5.35e-15   +5.35e-35   +2.79e-14   0.112    0.0927   4.67
139         11 5.8e+27  +1.11e+20   +1.62e+30   1.00       +4.76e-15   +4.76e-35   +2.53e-14   0.0892   0.0699   4.82
140         11 7.9e+27  +1.36e+20   +2.17e+30   1.00       +4.33e-15   +4.33e-35   +2.35e-14   0.112    0.0927   4.67
141         11 1.1e+28  +1.69e+20   +3.19e+30   1.00       +3.85e-15   +3.85e-35   +2.14e-14   0.0892   0.0699   4.82
142         11 1.6e+28  +2.08e+20   +4.27e+30   1.00       +3.50e-15   +3.50e-35   +1.99e-14   0.112    0.0927   4.67
143         11 2.2e+28  +2.58e+20   +6.27e+30   1.00       +3.11e-15   +3.11e-35   +1.80e-14   0.0892   0.0699   4.82
144         11 3.1e+28  +3.17e+20   +8.40e+30   1.00       +2.84e-15   +2.84e-35   +1.68e-14   0.112    0.0927   4.67
145         11 4.4e+28  +3.94e+20   +1.23e+31   1.00       +2.52e-15   +2.52e-35   +1.52e-14   0.0892   0.0699   4.82
146         11 6.0e+28  +4.85e+20   +1.65e+31   1.00       +2.30e-15   +2.30e-35   +1.41e-14   0.112    0.0927   4.67
147         11 8.6e+28  +6.02e+20   +2.43e+31   1.00       +2.04e-15   +2.04e-35   +1.28e-14   0.0892   0.0699   4.82
148         11 1.2e+29  +7.40e+20   +3.25e+31   1.00       +1.86e-15   +1.86e-35   +1.19e-14   0.112    0.0927   4.67
149         11 1.7e+29  +9.20e+20   +4.78e+31   1.00       +1.65e-15   +1.65e-35   +1.08e-14   0.0892   0.0699   4.82
150         11 2.3e+29  +1.13e+21   +6.40e+31   1.00       +1.50e-15   +1.50e-35   +1.01e-14   0.112    0.0927   4.67
151         11 3.3e+29  +1.40e+21   +9.40e+31   1.00       +1.34e-15   +1.34e-35   +9.14e-15   0.0892   0.0699   4.82
152         11 4.6e+29  +1.73e+21   +1.26e+32   1.00       +1.22e-15   +1.22e-35   +8.50e-15   0.112    0.0927   4.67
153         11 6.6e+29  +2.14e+21   +1.85e+32   1.00       +1.08e-15   +1.08e-35   +7.71e-15   0.0892   0.0699   4.82
154         11 9.0e+29  +2.63e+21   +2.48e+32   1.00       +9.84e-16   +9.84e-36   +7.17e-15   0.112    0.0927   4.67
155         11 1.3e+30  +3.27e+21   +3.64e+32   1.00       +8.74e-16   +8.74e-36   +6.51e-15   0.0892   0.0699   4.82
156         12 1.8e+30  +4.02e+21   +4.88e+32   1.00       +7.96e-16   +7.96e-36   +6.05e-15   0.112    0.0927   4.67
157         12 2.6e+30  +5.00e+21   +7.16e+32   1.00       +7.08e-16   +7.08e-36   +5.49e-15   0.0892   0.0699   4.82
158         12 3.5e+30  +6.14e+21   +9.60e+32   1.00       +6.45e-16   +6.45e-36   +5.11e-15   0.112    0.0927   4.67
159         12 5.0e+30  +7.64e+21   +1.41e+33   1.00       +5.73e-16   +5.73e-36   +4.63e-15   0.0892   0.0699   4.82
160         12 6.9e+30  +9.38e+21   +1.89e+33   1.00       +5.22e-16   +5.22e-36   +4.31e-15   0.112    0.0927   4.67
161         12 9.9e+30  +1.17e+22   +2.77e+33   1.00       +4.63e-16   +4.63e-36   +3.91e-15   0.0892   0.0699   4.82
162         12 1.4e+31  +1.43e+22   +3.72e+33   1.00       +4.22e-16   +4.22e-36   +3.64e-15   0.112    0.0927   4.67
163         12 1.9e+31  +1.78e+22   +5.46e+33   1.00       +3.75e-16   +3.75e-36   +3.30e-15   0.0892   0.0699   4.82
164         12 2.7e+31  +2.19e+22   +7.32e+33   1.00       +3.42e-16   +3.42e-36   +3.07e-15   0.112    0.0927   4.67
165         12 3.8e+31  +2.72e+22   +1.07e+34   1.00       +3.03e-16   +3.03e-36   +2.78e-15   0.0892   0.0699   4.82
166         12 5.2e+31  +3.34e+22   +1.44e+34   1.00       +2.76e-16   +2.76e-36   +2.59e-15   0.112    0.0927   4.67
167         12 7.5e+31  +4.15e+22   +2.11e+34   1.00       +2.46e-16   +2.46e-36   +2.35e-15   0.0892   0.0699   4.82
168         12 1.0e+32  +5.10e+22   +2.83e+34   1.00       +2.24e-16   +2.24e-36   +2.18e-15   0.112    0.0927   4.67
169         12 1.5e+32  +6.34e+22   +4.16e+34   1.00       +1.99e-16   +1.99e-36   +1.98e-15   0.0892   0.0699   4.82
170         12 2.0e+32  +7.79e+22   +5.57e+34   1.00       +1.81e-16   +1.81e-36   +1.84e-15   0.112    0.0927   4.67
171         12 2.9e+32  +9.68e+22   +8.18e+34   1.00       +1.61e-16   +1.61e-36   +1.67e-15   0.0892   0.0699   4.82
172         12 4.0e+32  +1.19e+23   +1.10e+35   1.00       +1.46e-16   +1.46e-36   +1.56e-15   0.112    0.0927   4.67
173         12 5.7e+32  +1.48e+23   +1.61e+35   1.00       +1.30e-16   +1.30e-36   +1.41e-15   0.0892   0.0699   4.82
174         13 7.9e+32  +1.82e+23   +2.16e+35   1.00       +1.19e-16   +1.19e-36   +1.31e-15   0.112    0.0927   4.67
175         13 1.1e+33  +2.26e+23   +3.17e+35   1.00       +1.05e-16   +1.05e-36   +1.19e-15   0.0892   0.0699   4.82
176         13 1.5e+33  +2.77e+23   +4.25e+35   1.00       +9.59e-17   +9.59e-37   +1.11e-15   0.112    0.0927   4.67
177         13 2.2e+33  +3.45e+23   +6.23e+35   1.00       +8.52e-17   +8.52e-37   +1.00e-15   0.0892   0.0699   4.82
178         13 3.0e+33  +4.24e+23   +8.36e+35   1.00       +7.76e-17   +7.76e-37   +9.34e-16   0.112    0.0927   4.67
179         13 4.4e+33  +5.27e+23   +1.23e+36   1.00       +6.90e-17   +6.90e-37   +8.48e-16   0.0892   0.0699   4.82
180         13 6.0e+33  +6.47e+23   +1.64e+36   1.00       +6.28e-17   +6.28e-37   +7.89e-16   0.112    0.0927   4.67
181         13 8.6e+33  +8.04e+23   +2.41e+36   1.00       +5.58e-17   +5.58e-37   +7.15e-16   0.0892   0.0699   4.82
182         13 1.2e+34  +9.88e+23   +3.24e+36   1.00       +5.08e-17   +5.08e-37   +6.65e-16   0.112    0.0927   4.67
183         13 1.7e+34  +1.23e+24   +4.75e+36   1.00       +4.52e-17   +4.52e-37   +6.04e-16   0.0892   0.0699   4.82
184         13 2.3e+34  +1.51e+24   +6.37e+36   1.00       +4.11e-17   +4.11e-37   +5.61e-16   0.112    0.0927   4.67
185         13 3.3e+34  +1.88e+24   +9.35e+36   1.00       +3.65e-17   +3.65e-37   +5.09e-16   0.0892   0.0699   4.82
186         13 4.6e+34  +2.30e+24   +1.25e+37   1.00       +3.33e-17   +3.33e-37   +4.74e-16   0.112    0.0927   4.67
187         13 6.6e+34  +2.86e+24   +1.84e+37   1.00       +2.96e-17   +2.96e-37   +4.30e-16   0.0892   0.0699   4.82
188         13 9.0e+34  +3.52e+24   +2.47e+37   1.00       +2.69e-17   +2.69e-37   +4.00e-16   0.112    0.0927   4.67
189         13 1.3e+35  +4.37e+24   +3.62e+37   1.00       +2.39e-17   +2.39e-37   +3.63e-16   0.0892   0.0699   4.82
190         13 1.8e+35  +5.37e+24   +4.85e+37   1.00       +2.18e-17   +2.18e-37   +3.37e-16   0.112    0.0927   4.67
191         14 2.5e+35  +6.68e+24   +7.12e+37   1.00       +1.94e-17   +1.94e-37   +3.06e-16   0.0892   0.0699   4.82
192         14 3.5e+35  +8.21e+24   +9.55e+37   1.00       +1.76e-17   +1.76e-37   +2.85e-16   0.112    0.0927   4.67
193         14 5.0e+35  +1.02e+25   +1.40e+38   1.00       +1.57e-17   +1.57e-37   +2.58e-16   0.0892   0.0699   4.82
194         14 6.8e+35  +1.25e+25   +1.88e+38   1.00       +1.43e-17   +1.43e-37   +2.40e-16   0.112    0.0927   4.67
195         14 9.8e+35  +1.56e+25   +2.76e+38   1.00       +1.27e-17   +1.27e-37   +2.18e-16   0.0892   0.0699   4.82
196         14 1.3e+36  +1.91e+25   +3.70e+38   1.00       +1.15e-17   +1.15e-37   +2.03e-16   0.112    0.0927   4.67
197         14 1.9e+36  +2.38e+25   +5.43e+38   1.00       +1.03e-17   +1.03e-37   +1.84e-16   0.0892   0.0699   4.82
198         14 2.6e+36  +2.92e+25   +7.27e+38   1.00       +9.35e-18   +9.35e-38   +1.71e-16   0.112    0.0927   4.67
199         14 3.8e+36  +3.63e+25   +1.07e+39   1.00       +8.30e-18   +8.30e-38   +1.55e-16   0.0892   0.0699   4.82
200         14 5.2e+36  +4.46e+25   +1.43e+39   1.00       +7.56e-18   +7.56e-38   +1.44e-16   0.112    0.0927   4.67
201         14 7.5e+36  +5.55e+25   +2.10e+39   1.00       +6.72e-18   +6.72e-38   +1.31e-16   0.0892   0.0699   4.82
202         14 1.0e+37  +6.81e+25   +2.82e+39   1.00       +6.12e-18   +6.12e-38   +1.22e-16   0.112    0.0927   4.67
203         14 1.5e+37  +8.47e+25   +4.13e+39   1.00       +5.44e-18   +5.44e-38   +1.10e-16   0.0892   0.0699   4.82
204         14 2.0e+37  +1.04e+26   +5.54e+39   1.00       +4.95e-18   +4.95e-38   +1.03e-16   0.112    0.0927   4.67
205         14 2.9e+37  +1.29e+26   +8.13e+39   1.00       +4.40e-18   +4.40e-38   +9.32e-17   0.0892   0.0699   4.82
206         14 4.0e+37  +1.59e+26   +1.09e+40   1.00       +4.01e-18   +4.01e-38   +8.67e-17   0.112    0.0927   4.67
207         14 5.7e+37  +1.97e+26   +1.60e+40   1.00       +3.56e-18   +3.56e-38   +7.87e-17   0.0892   0.0699   4.82
208         14 7.8e+37  +2.43e+26   +2.15e+40   1.00       +3.24e-18   +3.24e-38   +7.32e-17   0.112    0.0927   4.67
209         15 1.1e+38  +3.02e+26   +3.15e+40   1.00       +2.88e-18   +2.88e-38   +6.64e-17   0.0892   0.0699   4.82
210         17 1.5e+38  +3.71e+26   +4.22e+40   1.00       +2.62e-18   +2.62e-38   +6.17e-17   0.112    0.0927   4.67
211         17 2.2e+38  +4.61e+26   +6.20e+40   1.00       +2.33e-18   +2.33e-38   +5.60e-17   0.0892   0.0699   4.82
212         17 3.0e+38  +5.66e+26   +8.31e+40   1.00       +2.12e-18   +2.12e-38   +5.21e-17   0.112    0.0927   4.67
213         17 4.3e+38  +7.03e+26   +1.22e+41   1.00       +1.89e-18   +1.89e-38   +4.73e-17   0.0892   0.0699   4.82
214         17 6.0e+38  +8.64e+26   +1.64e+41   1.00       +1.72e-18   +1.72e-38   +4.40e-17   0.112    0.0927   4.67
215         17 8.5e+38  +1.07e+27   +2.40e+41   1.00       +1.53e-18   +1.53e-38   +3.99e-17   0.0892   0.0699   4.82
216         17 1.2e+39  +1.32e+27   +3.22e+41   1.00       +1.39e-18   +1.39e-38   +3.71e-17   0.112    0.0927   4.67
217         17 1.7e+39  +1.64e+27   +4.72e+41   1.00       +1.24e-18   +1.24e-38   +3.37e-17   0.0892   0.0699   4.82
218         17 2.3e+39  +2.02e+27   +6.33e+41   1.00       +1.13e-18   +1.13e-38   +3.13e-17   0.112    0.0927   4.67
219         17 3.3e+39  +2.50e+27   +9.29e+41   1.00       +1.00e-18   +1.00e-38   +2.84e-17   0.0892   0.0699   4.82
220         17 4.5e+39  +3.08e+27   +1.25e+42   1.00       +9.11e-19   +9.11e-39   +2.64e-17   0.112    0.0927   4.67
221         17 6.5e+39  +3.82e+27   +1.83e+42   1.00       +8.09e-19   +8.09e-39   +2.40e-17   0.0892   0.0699   4.82
222         17 8.9e+39  +4.70e+27   +2.45e+42   1.00       +7.37e-19   +7.37e-39   +2.23e-17   0.112    0.0927   4.67
223         18 1.3e+40  +5.84e+27   +3.60e+42   1.00       +6.55e-19   +6.55e-39   +2.02e-17   0.0892   0.0699   4.82
224         18 1.8e+40  +7.18e+27   +4.82e+42   1.00       +5.96e-19   +5.96e-39   +1.88e-17   0.112    0.0927   4.67
225         18 2.5e+40  +8.92e+27   +7.08e+42   1.00       +5.30e-19   +5.30e-39   +1.71e-17   0.0892   0.0699   4.82
226         18 3.5e+40  +1.10e+28   +9.49e+42   1.00       +4.83e-19   +4.83e-39   +1.59e-17   0.112    0.0927   4.67
227         18 5.0e+40  +1.36e+28   +1.39e+43   1.00       +4.29e-19   +4.29e-39   +1.44e-17   0.0892   0.0699   4.82
228         18 6.8e+40  +1.67e+28   +1.87e+43   1.00       +3.91e-19   +3.91e-39   +1.34e-17   0.112    0.0927   4.67
229         18 9.8e+40  +2.08e+28   +2.74e+43   1.00       +3.47e-19   +3.47e-39   +1.22e-17   0.0892   0.0699   4.82
230         18 1.3e+41  +2.56e+28   +3.68e+43   1.00       +3.16e-19   +3.16e-39   +1.13e-17   0.112    0.0927   4.67
231         18 1.9e+41  +3.18e+28   +5.40e+43   1.00       +2.81e-19   +2.81e-39   +1.03e-17   0.0892   0.0699   4.82
232         18 2.6e+41  +3.90e+28   +7.23e+43   1.00       +2.56e-19   +2.56e-39   +9.54e-18   0.112    0.0927   4.67
233         18 3.8e+41  +4.85e+28   +1.06e+44   1.00       +2.27e-19   +2.27e-39   +8.65e-18   0.0892   0.0699   4.82
234         18 5.2e+41  +5.96e+28   +1.42e+44   1.00       +2.07e-19   +2.07e-39   +8.05e-18   0.112    0.0927   4.67
235         18 7.4e+41  +7.41e+28   +2.09e+44   1.00       +1.84e-19   +1.84e-39   +7.30e-18   0.0892   0.0699   4.82
236         18 1.0e+42  +9.10e+28   +2.80e+44   1.00       +1.67e-19   +1.67e-39   +6.79e-18   0.112    0.0927   4.67
237         18 1.5e+42  +1.13e+29   +4.11e+44   1.00       +1.49e-19   +1.49e-39   +6.16e-18   0.0892   0.0699   4.82
238         18 2.0e+42  +1.39e+29   +5.51e+44   1.00       +1.36e-19   +1.36e-39   +5.73e-18   0.112    0.0927   4.67
239         18 2.9e+42  +1.73e+29   +8.09e+44   1.00       +1.20e-19   +1.20e-39   +5.20e-18   0.0892   0.0699   4.82
240         18 4.0e+42  +2.12e+29   +1.08e+45   1.00       +1.10e-19   +1.10e-39   +4.83e-18   0.112    0.0927   4.67
241         19 5.7e+42  +2.64e+29   +1.59e+45   1.00       +9.74e-20   +9.74e-40   +4.39e-18   0.0892   0.0699   4.82
242         19 7.8e+42  +3.24e+29   +2.13e+45   1.00       +8.87e-20   +8.87e-40   +4.08e-18   0.112    0.0927   4.67
243         19 1.1e+43  +4.03e+29   +3.13e+45   1.00       +7.89e-20   +7.89e-40   +3.70e-18   0.0892   0.0699   4.82
244         19 1.5e+43  +4.95e+29   +4.20e+45   1.00       +7.18e-20   +7.18e-40   +3.44e-18   0.112    0.0927   4.67
245         19 2.2e+43  +6.15e+29   +6.16e+45   1.00       +6.38e-20   +6.38e-40   +3.12e-18   0.0892   0.0699   4.82
246         19 3.0e+43  +7.56e+29   +8.26e+45   1.00       +5.81e-20   +5.81e-40   +2.90e-18   0.112    0.0927   4.67
247         19 4.3e+43  +9.39e+29   +1.21e+46   1.00       +5.16e-20   +5.16e-40   +2.64e-18   0.0892   0.0699   4.82
248         19 5.9e+43  +1.15e+30   +1.63e+46   1.00       +4.70e-20   +4.70e-40   +2.45e-18   0.112    0.0927   4.67
249         19 8.5e+43  +1.43e+30   +2.39e+46   1.00       +4.18e-20   +4.18e-40   +2.22e-18   0.0892   0.0699   4.82
250         19 1.2e+44  +1.76e+30   +3.20e+46   1.00       +3.81e-20   +3.81e-40   +2.07e-18   0.112    0.0927   4.67
251         19 1.7e+44  +2.19e+30   +4.70e+46   1.00       +3.38e-20   +3.38e-40   +1.88e-18   0.0892   0.0699   4.82
252         19 2.3e+44  +2.69e+30   +6.30e+46   1.00       +3.08e-20   +3.08e-40   +1.75e-18   0.112    0.0927   4.67
253         19 3.3e+44  +3.34e+30   +9.24e+46   1.00       +2.74e-20   +2.74e-40   +1.58e-18   0.0892   0.0699   4.82
254         19 4.5e+44  +4.11e+30   +1.24e+47   1.00       +2.49e-20   +2.49e-40   +1.47e-18   0.112    0.0927   4.67
255         19 6.5e+44  +5.11e+30   +1.82e+47   1.00       +2.21e-20   +2.21e-40   +1.34e-18   0.0892   0.0699   4.82
256         19 8.9e+44  +6.28e+30   +2.44e+47   1.00       +2.02e-20   +2.02e-40   +1.24e-18   0.112    0.0927   4.67
257         20 1.3e+45  +7.80e+30   +3.58e+47   1.00       +1.79e-20   +1.79e-40   +1.13e-18   0.0892   0.0699   4.82
258         20 1.7e+45  +9.58e+30   +4.80e+47   1.00       +1.63e-20   +1.63e-40   +1.05e-18   0.112    0.0927   4.67
259         20 2.5e+45  +1.19e+31   +7.04e+47   1.00       +1.45e-20   +1.45e-40   +9.51e-19   0.0892   0.0699   4.82
260         20 3.4e+45  +1.46e+31   +9.44e+47   1.00       +1.32e-20   +1.32e-40   +8.85e-19   0.112    0.0927   4.67
261         20 4.9e+45  +1.82e+31   +1.39e+48   1.00       +1.17e-20   +1.17e-40   +8.03e-19   0.0892   0.0699   4.82
262         20 6.8e+45  +2.23e+31   +1.86e+48   1.00       +1.07e-20   +1.07e-40   +7.47e-19   0.112    0.0927   4.67
263         20 9.7e+45  +2.78e+31   +2.73e+48   1.00       +9.50e-21   +9.50e-41   +6.77e-19   0.0892   0.0699   4.82
264         20 1.3e+46  +3.41e+31   +3.65e+48   1.00       +8.65e-21   +8.65e-41   +6.30e-19   0.112    0.0927   4.67
265         20 1.9e+46  +4.24e+31   +5.36e+48   1.00       +7.68e-21   +7.68e-41   +5.72e-19   0.0892   0.0699   4.82
266         20 2.6e+46  +5.21e+31   +7.19e+48   1.00       +7.00e-21   +7.00e-41   +5.32e-19   0.112    0.0927   4.67
267         20 3.8e+46  +6.48e+31   +1.06e+49   1.00       +6.22e-21   +6.22e-41   +4.82e-19   0.0892   0.0699   4.82
268         20 5.2e+46  +7.96e+31   +1.42e+49   1.00       +5.66e-21   +5.66e-41   +4.49e-19   0.112    0.0927   4.67
269         20 7.4e+46  +9.89e+31   +2.08e+49   1.00       +5.03e-21   +5.03e-41   +4.07e-19   0.0892   0.0699   4.82
270         20 1.0e+47  +1.22e+32   +2.78e+49   1.00       +4.58e-21   +4.58e-41   +3.79e-19   0.112    0.0927   4.67
271         20 1.5e+47  +1.51e+32   +4.09e+49   1.00       +4.07e-21   +4.07e-41   +3.43e-19   0.0892   0.0699   4.82
272         20 2.0e+47  +1.86e+32   +5.48e+49   1.00       +3.71e-21   +3.71e-41   +3.19e-19   0.112    0.0927   4.67
273         20 2.9e+47  +2.31e+32   +8.04e+49   1.00       +3.29e-21   +3.29e-41   +2.90e-19   0.0892   0.0699   4.82
274         20 3.9e+47  +2.83e+32   +1.08e+50   1.00       +3.00e-21   +3.00e-41   +2.70e-19   0.112    0.0927   4.67
275         21 5.6e+47  +3.52e+32   +1.58e+50   1.00       +2.67e-21   +2.67e-41   +2.45e-19   0.0892   0.0699   4.82
276         21 7.7e+47  +4.33e+32   +2.12e+50   1.00       +2.43e-21   +2.43e-41   +2.27e-19   0.112    0.0927   4.67
277         21 1.1e+48  +5.38e+32   +3.11e+50   1.00       +2.16e-21   +2.16e-41   +2.06e-19   0.0892   0.0699   4.82
278         21 1.5e+48  +6.61e+32   +4.18e+50   1.00       +1.97e-21   +1.97e-41   +1.92e-19   0.112    0.0927   4.67
279         21 2.2e+48  +8.21e+32   +6.13e+50   1.00       +1.75e-21   +1.75e-41   +1.74e-19   0.0892   0.0699   4.82
280         21 3.0e+48  +1.01e+33   +8.22e+50   1.00       +1.59e-21   +1.59e-41   +1.62e-19   0.112    0.0927   4.67
281         21 4.3e+48  +1.25e+33   +1.21e+51   1.00       +1.41e-21   +1.41e-41   +1.47e-19   0.0892   0.0699   4.82
282         21 5.9e+48  +1.54e+33   +1.62e+51   1.00       +1.29e-21   +1.29e-41   +1.37e-19   0.112    0.0927   4.67
283         21 8.5e+48  +1.92e+33   +2.37e+51   1.00       +1.14e-21   +1.14e-41   +1.24e-19   0.0892   0.0699   4.82
284         21 1.2e+49  +2.35e+33   +3.18e+51   1.00       +1.04e-21   +1.04e-41   +1.15e-19   0.112    0.0927   4.67
285         21 1.7e+49  +2.92e+33   +4.67e+51   1.00       +9.25e-22   +9.25e-42   +1.05e-19   0.0892   0.0699   4.82
286         21 2.3e+49  +3.59e+33   +6.26e+51   1.00       +8.43e-22   +8.43e-42   +9.73e-20   0.112    0.0927   4.67
287         21 3.3e+49  +4.47e+33   +9.19e+51   1.00       +7.49e-22   +7.49e-42   +8.83e-20   0.0892   0.0699   4.82
288         21 4.5e+49  +5.49e+33   +1.23e+52   1.00       +6.82e-22   +6.82e-42   +8.21e-20   0.112    0.0927   4.67
289         21 6.4e+49  +6.82e+33   +1.81e+52   1.00       +6.06e-22   +6.06e-42   +7.45e-20   0.0892   0.0699   4.82
290         21 8.8e+49  +8.38e+33   +2.42e+52   1.00       +5.52e-22   +5.52e-42   +6.93e-20   0.112    0.0927   4.67
291         21 1.3e+50  +1.04e+34   +3.56e+52   1.00       +4.90e-22   +4.90e-42   +6.29e-20   0.0892   0.0699   4.82
292         21 1.7e+50  +1.28e+34   +4.77e+52   1.00       +4.47e-22   +4.47e-42   +5.85e-20   0.112    0.0927   4.67
293         22 2.5e+50  +1.59e+34   +7.00e+52   1.00       +3.97e-22   +3.97e-42   +5.30e-20   0.0892   0.0699   4.82
294         22 3.4e+50  +1.95e+34   +9.39e+52   1.00       +3.61e-22   +3.61e-42   +4.93e-20   0.112    0.0927   4.67
295         22 4.9e+50  +2.43e+34   +1.38e+53   1.00       +3.21e-22   +3.21e-42   +4.48e-20   0.0892   0.0699   4.82
296         22 6.7e+50  +2.98e+34   +1.85e+53   1.00       +2.92e-22   +2.92e-42   +4.16e-20   0.112    0.0927   4.67
297         22 9.7e+50  +3.71e+34   +2.71e+53   1.00       +2.60e-22   +2.60e-42   +3.78e-20   0.0892   0.0699   4.82
298         22 1.3e+51  +4.56e+34   +3.63e+53   1.00       +2.37e-22   +2.37e-42   +3.51e-20   0.112    0.0927   4.67
299         22 1.9e+51  +5.66e+34   +5.33e+53   1.00       +2.10e-22   +2.10e-42   +3.19e-20   0.0892   0.0699   4.82
300         22 2.6e+51  +6.96e+34   +7.15e+53   1.00       +1.92e-22   +1.92e-42   +2.96e-20   0.112    0.0927   4.67
301         22 3.7e+51  +8.65e+34   +1.05e+54   1.00       +1.70e-22   +1.70e-42   +2.69e-20   0.0892   0.0699   4.82
302         22 5.1e+51  +1.06e+35   +1.41e+54   1.00       +1.55e-22   +1.55e-42   +2.50e-20   0.112    0.0927   4.67
303         22 7.4e+51  +1.32e+35   +2.07e+54   1.00       +1.38e-22   +1.38e-42   +2.27e-20   0.0892   0.0699   4.82
304         22 1.0e+52  +1.62e+35   +2.77e+54   1.00       +1.25e-22   +1.25e-42   +2.11e-20   0.112    0.0927   4.67
305         22 1.4e+52  +2.02e+35   +4.06e+54   1.00       +1.11e-22   +1.11e-42   +1.92e-20   0.0892   0.0699   4.82
306         22 2.0e+52  +2.48e+35   +5.45e+54   1.00       +1.01e-22   +1.01e-42   +1.78e-20   0.112    0.0927   4.67
307         22 2.8e+52  +3.08e+35   +8.00e+54   1.00       +9.02e-23   +9.02e-43   +1.62e-20   0.0892   0.0699   4.82
308         22 3.9e+52  +3.78e+35   +1.07e+55   1.00       +8.21e-23   +8.21e-43   +1.50e-20   0.112    0.0927   4.67
309         22 5.6e+52  +4.70e+35   +1.57e+55   1.00       +7.30e-23   +7.30e-43   +1.36e-20   0.0892   0.0699   4.82
310         22 7.7e+52  +5.78e+35   +2.11e+55   1.00       +6.65e-23   +6.65e-43   +1.27e-20   0.112    0.0927   4.67
311         22 1.1e+53  +7.18e+35   +3.10e+55   1.00       +5.90e-23   +5.90e-43   +1.15e-20   0.0892   0.0699   4.82
312         23 1.5e+53  +8.83e+35   +4.15e+55   1.00       +5.38e-23   +5.38e-43   +1.07e-20   0.112    0.0927   4.67
313         23 2.2e+53  +1.10e+36   +6.09e+55   1.00       +4.78e-23   +4.78e-43   +9.71e-21   0.0892   0.0699   4.82
314         23 3.0e+53  +1.35e+36   +8.17e+55   1.00       +4.35e-23   +4.35e-43   +9.03e-21   0.112    0.0927   4.67
315         23 4.3e+53  +1.68e+36   +1.20e+56   1.00       +3.87e-23   +3.87e-43   +8.19e-21   0.0892   0.0699   4.82
316         23 5.9e+53  +2.06e+36   +1.61e+56   1.00       +3.52e-23   +3.52e-43   +7.62e-21   0.112    0.0927   4.67
317         23 8.4e+53  +2.56e+36   +2.36e+56   1.00       +3.13e-23   +3.13e-43   +6.91e-21   0.0892   0.0699   4.82
318         23 1.2e+54  +3.14e+36   +3.16e+56   1.00       +2.85e-23   +2.85e-43   +6.43e-21   0.112    0.0927   4.67
319         23 1.7e+54  +3.91e+36   +4.64e+56   1.00       +2.53e-23   +2.53e-43   +5.83e-21   0.0892   0.0699   4.82
320         23 2.3e+54  +4.80e+36   +6.22e+56   1.00       +2.31e-23   +2.31e-43   +5.43e-21   0.112    0.0927   4.67
321         23 3.3e+54  +5.96e+36   +9.14e+56   1.00       +2.05e-23   +2.05e-43   +4.92e-21   0.0892   0.0699   4.82
322         23 4.5e+54  +7.33e+36   +1.22e+57   1.00       +1.87e-23   +1.87e-43   +4.58e-21   0.112    0.0927   4.67
323         23 6.4e+54  +9.11e+36   +1.80e+57   1.00       +1.66e-23   +1.66e-43   +4.15e-21   0.0892   0.0699   4.82
324         23 8.8e+54  +1.12e+37   +2.41e+57   1.00       +1.51e-23   +1.51e-43   +3.86e-21   0.112    0.0927   4.67
325         23 1.3e+55  +1.39e+37   +3.54e+57   1.00       +1.34e-23   +1.34e-43   +3.51e-21   0.0892   0.0699   4.82
326         23 1.7e+55  +1.71e+37   +4.74e+57   1.00       +1.22e-23   +1.22e-43   +3.26e-21   0.112    0.0927   4.67
327         23 2.5e+55  +2.12e+37   +6.96e+57   1.00       +1.09e-23   +1.09e-43   +2.96e-21   0.0892   0.0699   4.82
328         23 3.4e+55  +2.61e+37   +9.33e+57   1.00       +9.89e-24   +9.89e-44   +2.75e-21   0.112    0.0927   4.67
329         24 4.9e+55  +3.24e+37   +1.37e+58   1.00       +8.79e-24   +8.79e-44   +2.50e-21   0.0892   0.0699   4.82
330         24 6.7e+55  +3.99e+37   +1.84e+58   1.00       +8.00e-24   +8.00e-44   +2.32e-21   0.112    0.0927   4.67
331         24 9.6e+55  +4.95e+37   +2.70e+58   1.00       +7.11e-24   +7.11e-44   +2.11e-21   0.0892   0.0699   4.82
332         24 1.3e+56  +6.09e+37   +3.61e+58   1.00       +6.48e-24   +6.48e-44   +1.96e-21   0.112    0.0927   4.67
333         24 1.9e+56  +7.56e+37   +5.30e+58   1.00       +5.75e-24   +5.75e-44   +1.78e-21   0.0892   0.0699   4.82
334         24 2.6e+56  +9.29e+37   +7.11e+58   1.00       +5.24e-24   +5.24e-44   +1.65e-21   0.112    0.0927   4.67
335         24 3.7e+56  +1.16e+38   +1.04e+59   1.00       +4.66e-24   +4.66e-44   +1.50e-21   0.0892   0.0699   4.82
336         24 5.1e+56  +1.42e+38   +1.40e+59   1.00       +4.24e-24   +4.24e-44   +1.39e-21   0.112    0.0927   4.67
337         24 7.3e+56  +1.76e+38   +2.05e+59   1.00       +3.77e-24   +3.77e-44   +1.27e-21   0.0892   0.0699   4.82
338         24 1.0e+57  +2.17e+38   +2.75e+59   1.00       +3.43e-24   +3.43e-44   +1.18e-21   0.112    0.0927   4.67
339         24 1.4e+57  +2.69e+38   +4.04e+59   1.00       +3.05e-24   +3.05e-44   +1.07e-21   0.0892   0.0699   4.82
340         24 2.0e+57  +3.31e+38   +5.42e+59   1.00       +2.78e-24   +2.78e-44   +9.93e-22   0.112    0.0927   4.67
341         24 2.8e+57  +4.11e+38   +7.95e+59   1.00       +2.47e-24   +2.47e-44   +9.01e-22   0.0892   0.0699   4.82
342         24 3.9e+57  +5.05e+38   +1.07e+60   1.00       +2.25e-24   +2.25e-44   +8.38e-22   0.112    0.0927   4.67
343         24 5.6e+57  +6.28e+38   +1.56e+60   1.00       +2.00e-24   +2.00e-44   +7.60e-22   0.0892   0.0699   4.82
344         24 7.6e+57  +7.72e+38   +2.10e+60   1.00       +1.82e-24   +1.82e-44   +7.07e-22   0.112    0.0927   4.67
345         24 1.1e+58  +9.59e+38   +3.08e+60   1.00       +1.62e-24   +1.62e-44   +6.42e-22   0.0892   0.0699   4.82
346         24 1.5e+58  +1.18e+39   +4.13e+60   1.00       +1.47e-24   +1.47e-44   +5.97e-22   0.112    0.0927   4.67
347         25 2.2e+58  +1.46e+39   +6.06e+60   1.00       +1.31e-24   +1.31e-44   +5.41e-22   0.0892   0.0699   4.82
348         25 3.0e+58  +1.80e+39   +8.12e+60   1.00       +1.19e-24   +1.19e-44   +5.03e-22   0.112    0.0927   4.67
349         25 4.2e+58  +2.24e+39   +1.19e+61   1.00       +1.06e-24   +1.06e-44   +4.57e-22   0.0892   0.0699   4.82
350         25 5.8e+58  +2.75e+39   +1.60e+61   1.00       +9.64e-25   +9.64e-45   +4.25e-22   0.112    0.0927   4.67
351         25 8.4e+58  +3.42e+39   +2.35e+61   1.00       +8.56e-25   +8.56e-45   +3.85e-22   0.0892   0.0699   4.82
352         25 1.1e+59  +4.20e+39   +3.15e+61   1.00       +7.80e-25   +7.80e-45   +3.58e-22   0.112    0.0927   4.67
353         25 1.6e+59  +5.22e+39   +4.62e+61   1.00       +6.93e-25   +6.93e-45   +3.25e-22   0.0892   0.0699   4.82
354         25 2.3e+59  +6.41e+39   +6.19e+61   1.00       +6.31e-25   +6.31e-45   +3.03e-22   0.112    0.0927   4.67
355         25 3.2e+59  +7.97e+39   +9.08e+61   1.00       +5.61e-25   +5.61e-45   +2.74e-22   0.0892   0.0699   4.82
356         25 4.4e+59  +9.79e+39   +1.22e+62   1.00       +5.11e-25   +5.11e-45   +2.55e-22   0.112    0.0927   4.67
357         25 6.4e+59  +1.22e+40   +1.79e+62   1.00       +4.54e-25   +4.54e-45   +2.32e-22   0.0892   0.0699   4.82
358         25 8.7e+59  +1.49e+40   +2.40e+62   1.00       +4.13e-25   +4.13e-45   +2.15e-22   0.112    0.0927   4.67
359         25 1.3e+60  +1.86e+40   +3.52e+62   1.00       +3.67e-25   +3.67e-45   +1.95e-22   0.0892   0.0699   4.82
360         25 1.7e+60  +2.28e+40   +4.72e+62   1.00       +3.34e-25   +3.34e-45   +1.82e-22   0.112    0.0927   4.67
361         25 2.5e+60  +2.84e+40   +6.92e+62   1.00       +2.97e-25   +2.97e-45   +1.65e-22   0.0892   0.0699   4.82
362         25 3.4e+60  +3.49e+40   +9.28e+62   1.00       +2.71e-25   +2.71e-45   +1.53e-22   0.112    0.0927   4.67
363         25 4.9e+60  +4.33e+40   +1.36e+63   1.00       +2.40e-25   +2.40e-45   +1.39e-22   0.0892   0.0699   4.82
364         25 6.7e+60  +5.32e+40   +1.83e+63   1.00       +2.19e-25   +2.19e-45   +1.29e-22   0.112    0.0927   4.67
365         26 9.5e+60  +6.61e+40   +2.68e+63   1.00       +1.95e-25   +1.95e-45   +1.17e-22   0.0892   0.0699   4.82
366         26 1.3e+61  +8.13e+40   +3.59e+63   1.00       +1.77e-25   +1.77e-45   +1.09e-22   0.112    0.0927   4.67
367         26 1.9e+61  +1.01e+41   +5.27e+63   1.00       +1.57e-25   +1.57e-45   +9.91e-23   0.0892   0.0699   4.82
368         26 2.6e+61  +1.24e+41   +7.07e+63   1.00       +1.43e-25   +1.43e-45   +9.21e-23   0.112    0.0927   4.67
369         26 3.7e+61  +1.54e+41   +1.04e+64   1.00       +1.27e-25   +1.27e-45   +8.36e-23   0.0892   0.0699   4.82
370         26 5.1e+61  +1.90e+41   +1.39e+64   1.00       +1.16e-25   +1.16e-45   +7.78e-23   0.112    0.0927   4.67
371         26 7.3e+61  +2.36e+41   +2.04e+64   1.00       +1.03e-25   +1.03e-45   +7.05e-23   0.0892   0.0699   4.82
372         26 1.0e+62  +2.89e+41   +2.74e+64   1.00       +9.39e-26   +9.39e-46   +6.56e-23   0.112    0.0927   4.67
373         26 1.4e+62  +3.60e+41   +4.02e+64   1.00       +8.34e-26   +8.34e-46   +5.95e-23   0.0892   0.0699   4.82
374         26 2.0e+62  +4.42e+41   +5.39e+64   1.00       +7.60e-26   +7.60e-46   +5.54e-23   0.112    0.0927   4.67
375         26 2.8e+62  +5.49e+41   +7.91e+64   1.00       +6.75e-26   +6.75e-46   +5.02e-23   0.0892   0.0699   4.82
376         26 3.9e+62  +6.75e+41   +1.06e+65   1.00       +6.15e-26   +6.15e-46   +4.67e-23   0.112    0.0927   4.67
377         26 5.5e+62  +8.39e+41   +1.56e+65   1.00       +5.46e-26   +5.46e-46   +4.24e-23   0.0892   0.0699   4.82
378         26 7.6e+62  +1.03e+42   +2.09e+65   1.00       +4.98e-26   +4.98e-46   +3.94e-23   0.112    0.0927   4.67
379         26 1.1e+63  +1.28e+42   +3.06e+65   1.00       +4.42e-26   +4.42e-46   +3.58e-23   0.0892   0.0699   4.82
380         26 1.5e+63  +1.57e+42   +4.10e+65   1.00       +4.03e-26   +4.03e-46   +3.33e-23   0.112    0.0927   4.67
381         26 2.1e+63  +1.96e+42   +6.03e+65   1.00       +3.58e-26   +3.58e-46   +3.02e-23   0.0892   0.0699   4.82
382         27 2.9e+63  +2.40e+42   +8.08e+65   1.00       +3.26e-26   +3.26e-46   +2.81e-23   0.112    0.0927   4.67
383         27 4.2e+63  +2.99e+42   +1.19e+66   1.00       +2.90e-26   +2.90e-46   +2.55e-23   0.0892   0.0699   4.82
384         27 5.8e+63  +3.67e+42   +1.59e+66   1.00       +2.64e-26   +2.64e-46   +2.37e-23   0.112    0.0927   4.67
385         27 8.3e+63  +4.56e+42   +2.33e+66   1.00       +2.34e-26   +2.34e-46   +2.15e-23   0.0892   0.0699   4.82
386         27 1.1e+64  +5.60e+42   +3.13e+66   1.00       +2.13e-26   +2.13e-46   +2.00e-23   0.112    0.0927   4.67
387         27 1.6e+64  +6.97e+42   +4.59e+66   1.00       +1.90e-26   +1.90e-46   +1.81e-23   0.0892   0.0699   4.82
388         27 2.2e+64  +8.56e+42   +6.15e+66   1.00       +1.73e-26   +1.73e-46   +1.69e-23   0.112    0.0927   4.67
389         27 3.2e+64  +1.06e+43   +9.03e+66   1.00       +1.53e-26   +1.53e-46   +1.53e-23   0.0892   0.0699   4.82
390         27 4.4e+64  +1.31e+43   +1.21e+67   1.00       +1.40e-26   +1.40e-46   +1.42e-23   0.112    0.0927   4.67
391         27 6.3e+64  +1.62e+43   +1.78e+67   1.00       +1.24e-26   +1.24e-46   +1.29e-23   0.0892   0.0699   4.82
392         27 8.7e+64  +2.00e+43   +2.38e+67   1.00       +1.13e-26   +1.13e-46   +1.20e-23   0.112    0.0927   4.67
393         27 1.2e+65  +2.48e+43   +3.50e+67   1.00       +1.00e-26   +1.00e-46   +1.09e-23   0.0892   0.0699   4.82
394         27 1.7e+65  +3.05e+43   +4.69e+67   1.00       +9.15e-27   +9.15e-47   +1.01e-23   0.112    0.0927   4.67
395         27 2.5e+65  +3.79e+43   +6.88e+67   1.00       +8.13e-27   +8.13e-47   +9.19e-24   0.0892   0.0699   4.82
396         27 3.4e+65  +4.65e+43   +9.23e+67   1.00       +7.41e-27   +7.41e-47   +8.55e-24   0.112    0.0927   4.67
397         27 4.8e+65  +5.78e+43   +1.35e+68   1.00       +6.58e-27   +6.58e-47   +7.76e-24   0.0892   0.0699   4.82
398         27 6.6e+65  +7.11e+43   +1.82e+68   1.00       +5.99e-27   +5.99e-47   +7.22e-24   0.112    0.0927   4.67
399         27 9.5e+65  +8.83e+43   +2.67e+68   1.00       +5.32e-27   +5.32e-47   +6.55e-24   0.0892   0.0699   4.82
400         28 1.3e+66  +1.09e+44   +3.57e+68   1.00       +4.85e-27   +4.85e-47   +6.09e-24   0.112    0.0927   4.67
401         28 1.9e+66  +1.35e+44   +5.24e+68   1.00       +4.31e-27   +4.31e-47   +5.52e-24   0.0892   0.0699   4.82
402         28 2.6e+66  +1.66e+44   +7.03e+68   1.00       +3.92e-27   +3.92e-47   +5.14e-24   0.112    0.0927   4.67
403         28 3.7e+66  +2.06e+44   +1.03e+69   1.00       +3.49e-27   +3.49e-47   +4.66e-24   0.0892   0.0699   4.82
404         28 5.0e+66  +2.53e+44   +1.38e+69   1.00       +3.18e-27   +3.18e-47   +4.34e-24   0.112    0.0927   4.67
405         28 7.2e+66  +3.15e+44   +2.03e+69   1.00       +2.82e-27   +2.82e-47   +3.93e-24   0.0892   0.0699   4.82
406         28 9.9e+66  +3.87e+44   +2.72e+69   1.00       +2.57e-27   +2.57e-47   +3.66e-24   0.112    0.0927   4.67
407         28 1.4e+67  +4.80e+44   +4.00e+69   1.00       +2.28e-27   +2.28e-47   +3.32e-24   0.0892   0.0699   4.82
408         28 2.0e+67  +5.90e+44   +5.36e+69   1.00       +2.08e-27   +2.08e-47   +3.09e-24   0.112    0.0927   4.67
409         28 2.8e+67  +7.34e+44   +7.86e+69   1.00       +1.85e-27   +1.85e-47   +2.80e-24   0.0892   0.0699   4.82
410         28 3.8e+67  +9.01e+44   +1.05e+70   1.00       +1.68e-27   +1.68e-47   +2.60e-24   0.112    0.0927   4.67
411         28 5.5e+67  +1.12e+45   +1.55e+70   1.00       +1.50e-27   +1.50e-47   +2.36e-24   0.0892   0.0699   4.82
412         28 7.6e+67  +1.38e+45   +2.07e+70   1.00       +1.36e-27   +1.36e-47   +2.20e-24   0.112    0.0927   4.67
413         28 1.1e+68  +1.71e+45   +3.04e+70   1.00       +1.21e-27   +1.21e-47   +1.99e-24   0.0892   0.0699   4.82
414         28 1.5e+68  +2.10e+45   +4.08e+70   1.00       +1.10e-27   +1.10e-47   +1.85e-24   0.112    0.0927   4.67
415         28 2.1e+68  +2.61e+45   +5.99e+70   1.00       +9.79e-28   +9.79e-48   +1.68e-24   0.0892   0.0699   4.82
416         28 2.9e+68  +3.21e+45   +8.03e+70   1.00       +8.92e-28   +8.92e-48   +1.57e-24   0.112    0.0927   4.67
417         28 4.2e+68  +3.99e+45   +1.18e+71   1.00       +7.92e-28   +7.92e-48   +1.42e-24   0.0892   0.0699   4.82
418         29 5.8e+68  +4.90e+45   +1.58e+71   1.00       +7.22e-28   +7.22e-48   +1.32e-24   0.112    0.0927   4.67
419         29 8.3e+68  +6.09e+45   +2.32e+71   1.00       +6.41e-28   +6.41e-48   +1.20e-24   0.0892   0.0699   4.82
420         29 1.1e+69  +7.48e+45   +3.11e+71   1.00       +5.84e-28   +5.84e-48   +1.11e-24   0.112    0.0927   4.67
421         29 1.6e+69  +9.30e+45   +4.56e+71   1.00       +5.19e-28   +5.19e-48   +1.01e-24   0.0892   0.0699   4.82
422         29 2.2e+69  +1.14e+46   +6.12e+71   1.00       +4.73e-28   +4.73e-48   +9.40e-25   0.112    0.0927   4.67
423         29 3.2e+69  +1.42e+46   +8.98e+71   1.00       +4.20e-28   +4.20e-48   +8.53e-25   0.0892   0.0699   4.82
424         29 4.4e+69  +1.75e+46   +1.20e+72   1.00       +3.82e-28   +3.82e-48   +7.93e-25   0.112    0.0927   4.67
425         29 6.3e+69  +2.17e+46   +1.77e+72   1.00       +3.40e-28   +3.40e-48   +7.20e-25   0.0892   0.0699   4.82
426         29 8.6e+69  +2.67e+46   +2.37e+72   1.00       +3.09e-28   +3.09e-48   +6.70e-25   0.112    0.0927   4.67
427         29 1.2e+70  +3.31e+46   +3.48e+72   1.00       +2.75e-28   +2.75e-48   +6.07e-25   0.0892   0.0699   4.82
428         29 1.7e+70  +4.07e+46   +4.66e+72   1.00       +2.50e-28   +2.50e-48   +5.65e-25   0.112    0.0927   4.67
429         29 2.4e+70  +5.06e+46   +6.84e+72   1.00       +2.22e-28   +2.22e-48   +5.13e-25   0.0892   0.0699   4.82
430         29 3.3e+70  +6.22e+46   +9.17e+72   1.00       +2.03e-28   +2.03e-48   +4.77e-25   0.112    0.0927   4.67
431         29 4.8e+70  +7.73e+46   +1.35e+73   1.00       +1.80e-28   +1.80e-48   +4.33e-25   0.0892   0.0699   4.82
432         29 6.6e+70  +9.49e+46   +1.81e+73   1.00       +1.64e-28   +1.64e-48   +4.02e-25   0.112    0.0927   4.67
433         29 9.4e+70  +1.18e+47   +2.65e+73   1.00       +1.46e-28   +1.46e-48   +3.65e-25   0.0892   0.0699   4.82
434         29 1.3e+71  +1.45e+47   +3.55e+73   1.00       +1.33e-28   +1.33e-48   +3.39e-25   0.112    0.0927   4.67
435         30 1.9e+71  +1.80e+47   +5.21e+73   1.00       +1.18e-28   +1.18e-48   +3.08e-25   0.0892   0.0699   4.82
436         30 2.5e+71  +2.21e+47   +6.99e+73   1.00       +1.07e-28   +1.07e-48   +2.86e-25   0.112    0.0927   4.67
437         30 3.7e+71  +2.75e+47   +1.03e+74   1.00       +9.54e-29   +9.54e-49   +2.60e-25   0.0892   0.0699   4.82
438         30 5.0e+71  +3.38e+47   +1.38e+74   1.00       +8.69e-29   +8.69e-49   +2.42e-25   0.112    0.0927   4.67
439         30 7.2e+71  +4.20e+47   +2.02e+74   1.00       +7.72e-29   +7.72e-49   +2.19e-25   0.0892   0.0699   4.82
440         30 9.9e+71  +5.16e+47   +2.71e+74   1.00       +7.03e-29   +7.03e-49   +2.04e-25   0.112    0.0927   4.67
441         30 1.4e+72  +6.42e+47   +3.97e+74   1.00       +6.25e-29   +6.25e-49   +1.85e-25   0.0892   0.0699   4.82
442         30 1.9e+72  +7.88e+47   +5.33e+74   1.00       +5.69e-29   +5.69e-49   +1.72e-25   0.112    0.0927   4.67
443         30 2.8e+72  +9.80e+47   +7.82e+74   1.00       +5.06e-29   +5.06e-49   +1.56e-25   0.0892   0.0699   4.82
444         30 3.8e+72  +1.20e+48   +1.05e+75   1.00       +4.60e-29   +4.60e-49   +1.45e-25   0.112    0.0927   4.67
445         30 5.5e+72  +1.50e+48   +1.54e+75   1.00       +4.09e-29   +4.09e-49   +1.32e-25   0.0892   0.0699   4.82
446         30 7.5e+72  +1.84e+48   +2.06e+75   1.00       +3.73e-29   +3.73e-49   +1.23e-25   0.112    0.0927   4.67
447         30 1.1e+73  +2.28e+48   +3.03e+75   1.00       +3.31e-29   +3.31e-49   +1.11e-25   0.0892   0.0699   4.82
448         30 1.5e+73  +2.81e+48   +4.06e+75   1.00       +3.02e-29   +3.02e-49   +1.03e-25   0.112    0.0927   4.67
449         30 2.1e+73  +3.49e+48   +5.96e+75   1.00       +2.68e-29   +2.68e-49   +9.38e-26   0.0892   0.0699   4.82
450         30 2.9e+73  +4.29e+48   +7.99e+75   1.00       +2.44e-29   +2.44e-49   +8.73e-26   0.112    0.0927   4.67
451         30 4.2e+73  +5.33e+48   +1.17e+76   1.00       +2.17e-29   +2.17e-49   +7.92e-26   0.0892   0.0699   4.82
452         31 5.7e+73  +6.55e+48   +1.57e+76   1.00       +1.97e-29   +1.97e-49   +7.36e-26   0.112    0.0927   4.67
453         31 8.2e+73  +8.14e+48   +2.31e+76   1.00       +1.75e-29   +1.75e-49   +6.68e-26   0.0892   0.0699   4.82
454         31 1.1e+74  +1.00e+49   +3.09e+76   1.00       +1.60e-29   +1.60e-49   +6.21e-26   0.112    0.0927   4.67
455         31 1.6e+74  +1.24e+49   +4.54e+76   1.00       +1.42e-29   +1.42e-49   +5.64e-26   0.0892   0.0699   4.82
456         31 2.2e+74  +1.53e+49   +6.08e+76   1.00       +1.29e-29   +1.29e-49   +5.24e-26   0.112    0.0927   4.67
457         31 3.2e+74  +1.90e+49   +8.93e+76   1.00       +1.15e-29   +1.15e-49   +4.76e-26   0.0892   0.0699   4.82
458         31 4.4e+74  +2.33e+49   +1.20e+77   1.00       +1.05e-29   +1.05e-49   +4.42e-26   0.112    0.0927   4.67
459         31 6.3e+74  +2.90e+49   +1.76e+77   1.00       +9.30e-30   +9.30e-50   +4.01e-26   0.0892   0.0699   4.82
460         31 8.6e+74  +3.56e+49   +2.36e+77   1.00       +8.47e-30   +8.47e-50   +3.73e-26   0.112    0.0927   4.67
461         31 1.2e+75  +4.42e+49   +3.46e+77   1.00       +7.52e-30   +7.52e-50   +3.39e-26   0.0892   0.0699   4.82
462         31 1.7e+75  +5.44e+49   +4.64e+77   1.00       +6.85e-30   +6.85e-50   +3.15e-26   0.112    0.0927   4.67
463         31 2.4e+75  +6.76e+49   +6.81e+77   1.00       +6.09e-30   +6.09e-50   +2.86e-26   0.0892   0.0699   4.82
464         31 3.3e+75  +8.30e+49   +9.12e+77   1.00       +5.54e-30   +5.54e-50   +2.66e-26   0.112    0.0927   4.67
465         31 4.8e+75  +1.03e+50   +1.34e+78   1.00       +4.93e-30   +4.93e-50   +2.41e-26   0.0892   0.0699   4.82
466         31 6.5e+75  +1.27e+50   +1.80e+78   1.00       +4.49e-30   +4.49e-50   +2.24e-26   0.112    0.0927   4.67
467         31 9.4e+75  +1.58e+50   +2.64e+78   1.00       +3.99e-30   +3.99e-50   +2.04e-26   0.0892   0.0699   4.82
468         31 1.3e+76  +1.94e+50   +3.53e+78   1.00       +3.63e-30   +3.63e-50   +1.89e-26   0.112    0.0927   4.67
469         31 1.8e+76  +2.41e+50   +5.19e+78   1.00       +3.23e-30   +3.23e-50   +1.72e-26   0.0892   0.0699   4.82
470         31 2.5e+76  +2.96e+50   +6.95e+78   1.00       +2.94e-30   +2.94e-50   +1.60e-26   0.112    0.0927   4.67
471         31 3.6e+76  +3.67e+50   +1.02e+79   1.00       +2.61e-30   +2.61e-50   +1.45e-26   0.0892   0.0699   4.82
472         33 5.0e+76  +4.51e+50   +1.37e+79   1.00       +2.38e-30   +2.38e-50   +1.35e-26   0.112    0.0927   4.67
473         33 7.2e+76  +5.61e+50   +2.01e+79   1.00       +2.11e-30   +2.11e-50   +1.22e-26   0.0892   0.0699   4.82
474         33 9.8e+76  +6.89e+50   +2.69e+79   1.00       +1.92e-30   +1.92e-50   +1.14e-26   0.112    0.0927   4.67
475         33 1.4e+77  +8.57e+50   +3.95e+79   1.00       +1.71e-30   +1.71e-50   +1.03e-26   0.0892   0.0699   4.82
476         33 1.9e+77  +1.05e+51   +5.30e+79   1.00       +1.56e-30   +1.56e-50   +9.60e-27   0.112    0.0927   4.67
477         33 2.8e+77  +1.31e+51   +7.77e+79   1.00       +1.38e-30   +1.38e-50   +8.71e-27   0.0892   0.0699   4.82
478         33 3.8e+77  +1.61e+51   +1.04e+80   1.00       +1.26e-30   +1.26e-50   +8.10e-27   0.112    0.0927   4.67
479         33 5.4e+77  +2.00e+51   +1.53e+80   1.00       +1.12e-30   +1.12e-50   +7.35e-27   0.0892   0.0699   4.82
480         33 7.5e+77  +2.45e+51   +2.05e+80   1.00       +1.02e-30   +1.02e-50   +6.83e-27   0.112    0.0927   4.67
481         33 1.1e+78  +3.05e+51   +3.01e+80   1.00       +9.06e-31   +9.06e-51   +6.20e-27   0.0892   0.0699   4.82
482         33 1.5e+78  +3.75e+51   +4.04e+80   1.00       +8.25e-31   +8.25e-51   +5.77e-27   0.112    0.0927   4.67
483         33 2.1e+78  +4.66e+51   +5.92e+80   1.00       +7.33e-31   +7.33e-51   +5.23e-27   0.0892   0.0699   4.82
484         33 2.9e+78  +5.72e+51   +7.94e+80   1.00       +6.68e-31   +6.68e-51   +4.87e-27   0.112    0.0927   4.67
485         33 4.2e+78  +7.11e+51   +1.17e+81   1.00       +5.93e-31   +5.93e-51   +4.41e-27   0.0892   0.0699   4.82
486         33 5.7e+78  +8.74e+51   +1.56e+81   1.00       +5.40e-31   +5.40e-51   +4.11e-27   0.112    0.0927   4.67
487         33 8.2e+78  +1.09e+52   +2.29e+81   1.00       +4.80e-31   +4.80e-51   +3.72e-27   0.0892   0.0699   4.82
488         34 1.1e+79  +1.33e+52   +3.07e+81   1.00       +4.37e-31   +4.37e-51   +3.46e-27   0.112    0.0927   4.67
489         34 1.6e+79  +1.66e+52   +4.51e+81   1.00       +3.88e-31   +3.88e-51   +3.14e-27   0.0892   0.0699   4.82
490         34 2.2e+79  +2.04e+52   +6.05e+81   1.00       +3.54e-31   +3.54e-51   +2.92e-27   0.112    0.0927   4.67
491         34 3.2e+79  +2.53e+52   +8.88e+81   1.00       +3.14e-31   +3.14e-51   +2.65e-27   0.0892   0.0699   4.82
492         34 4.3e+79  +3.11e+52   +1.19e+82   1.00       +2.86e-31   +2.86e-51   +2.47e-27   0.112    0.0927   4.67
493         34 6.2e+79  +3.87e+52   +1.75e+82   1.00       +2.54e-31   +2.54e-51   +2.24e-27   0.0892   0.0699   4.82
494         34 8.5e+79  +4.75e+52   +2.34e+82   1.00       +2.32e-31   +2.32e-51   +2.08e-27   0.112    0.0927   4.67
495         34 1.2e+80  +5.91e+52   +3.44e+82   1.00       +2.06e-31   +2.06e-51   +1.89e-27   0.0892   0.0699   4.82
496         34 1.7e+80  +7.26e+52   +4.61e+82   1.00       +1.88e-31   +1.88e-51   +1.76e-27   0.112    0.0927   4.67
497         34 2.4e+80  +9.02e+52   +6.77e+82   1.00       +1.67e-31   +1.67e-51   +1.59e-27   0.0892   0.0699   4.82
498         34 3.3e+80  +1.11e+53   +9.07e+82   1.00       +1.52e-31   +1.52e-51   +1.48e-27   0.112    0.0927   4.67
499         34 4.7e+80  +1.38e+53   +1.33e+83   1.00       +1.35e-31   +1.35e-51   +1.34e-27   0.0892   0.0699   4.82
500         34 6.5e+80  +1.69e+53   +1.79e+83   1.00       +1.23e-31   +1.23e-51   +1.25e-27   0.112    0.0927   4.67
-----maxIterations exceeded-----

primalObjective = 210397658407367670223915527407259757699290067084141952.8594581308163138523752372564440846231033657435088467991296135448166554853794942319273769127505633482909939043208077366843888859228624286354789300493216716221170738545928923457569694593790092316077312158117753231686973789740897387787453446214263154870217237
dualObjective   = 262018617461293019478234830882033607217024683948913643605982819095001149185214913708.4721105087975609173665693204091894077516733373599880399847138494875133227533350529256687030855349880295546756459620837016372700237678118219066829763897140531194326584994257941001208344569291144740659147930340870169350667540709
dualityGap      = 0.999999999999999999999999999998394025123512844354617420986634973925143065633614326884030501501123843002778049977662002181461948132176350420653631551590419342762506722140664086559003658823883813680144773199556945259930306126083113374679569997952545825836185943098880057595953644490173713651139891803153363045796
primalError     = 1.090945165089563165657903591827296609489256481337516333037912080064466561492145966921501699747658119080846356873924284774395153441945508371605421580191828819147436003302804341531446520259966278167976026156266665913276847044493605085178851795980478939035161974290063580640421581375935272440835532663408713596954e-31
dualError       = 1.134637523087276032907526854020030611191289025948995314732139134488753857265640409689181634612461951635826709869464518142688827751982858340178550202281862197062624327314158079754298433486572053629822095396326040061556169820450503008186571550801086605774775002450650634989957138803650121159949276906391469650441e-27

Saving checkpoint to    : "/usr/local/share/sdpb/ck_lower_g4"
Saving solution to      : "/usr/local/share/sdpb/out_lower_g4"
PS C:\sdpb_eft> docker run --rm --platform linux/amd64 `
>>   -v "C:/sdpb_eft/:/usr/local/share/sdpb/" `
>>   bootstrapcollaboration/sdpb:3.1.0 `
>>   mpirun --allow-run-as-root -n 4 sdpb --precision=1024 `
>>     -s /usr/local/share/sdpb/sdp_upper_g4 `
>>     -o /usr/local/share/sdpb/out_upper_g4 `
>>     --checkpointDir /usr/local/share/sdpb/ck_upper_g4 `
>>     --writeSolution x,y
>>
2026-Apr-30 12:45:06 Start SDPB
SDPB version: 3.1.0
MPI processes: 4, nodes: 1
SDP directory   : "/usr/local/share/sdpb/sdp_upper_g4"
out directory   : "/usr/local/share/sdpb/out_upper_g4"

Parameters:
maxIterations                = 500
maxRuntime                   = 9223372036854775807
checkpointInterval           = 3600
maxSharedMemory              = 0 B
findPrimalFeasible           = false
findDualFeasible             = false
detectPrimalFeasibleJump     = false
detectDualFeasibleJump       = false
precision(actual)            = 1024(1024)
dualityGapThreshold          = 1e-30
primalErrorThreshold         = 1e-30
dualErrorThreshold           = 1e-30
initialMatrixScalePrimal     = 1e+20
initialMatrixScaleDual       = 1e+20
feasibleCenteringParameter   = 0.1
infeasibleCenteringParameter = 0.3
stepLengthReduction          = 0.7
maxComplementarity           = 1e+100
initialCheckpointDir         = "/usr/local/share/sdpb/ck_upper_g4"
checkpointDir                = "/usr/local/share/sdpb/ck_upper_g4"
noFinalCheckpoint            = false
writeSolution                = x,y
procGranularity              = 1
verbosity                    = 1

2026-Apr-30 12:45:06 Start timing run
Initialize SDP solver
        primal dimension: 234
        dual dimension: 13
        SDP blocks: 26
2026-Apr-30 12:45:06 Start solver iterations
node=0: Set --maxSharedMemory=7.3 GB (7830348856 bytes)

          time    mu     P-obj       D-obj      gap         P-err       p-err       D-err      P-step   D-step   beta
---------------------------------------------------------------------------------------------------------------------
1            0 1.0e+40  +0.00       +0.00       0.00       +1.00e+20   +1.00       +1.08e+20   0.541    0.619    0.300
2            0 5.8e+39  +3.64e+21   +2.82e+18   0.998      +4.59e+19   +0.459      +4.11e+19   0.628    0.619    0.300
3            0 3.0e+39  +3.71e+21   +5.33e+18   0.997      +1.71e+19   +0.171      +1.56e+19   0.633    0.628    0.300
4            0 1.5e+39  +2.47e+21   +8.30e+18   0.993      +6.27e+18   +0.0627     +5.82e+18   0.639    0.632    0.300
5            0 7.6e+38  +1.39e+21   +1.19e+19   0.983      +2.27e+18   +0.0227     +2.14e+18   0.646    0.634    0.300
6            0 3.8e+38  +7.14e+20   +1.63e+19   0.955      +8.04e+17   +0.00804    +7.83e+17   0.650    0.635    0.300
7            0 1.8e+38  +3.48e+20   +2.19e+19   0.881      +2.82e+17   +0.00282    +2.86e+17   0.643    0.635    0.300
8            0 9.2e+37  +1.68e+20   +2.92e+19   0.704      +1.01e+17   +0.00101    +1.04e+17   0.638    0.635    0.300
9            0 4.6e+37  +8.15e+19   +3.85e+19   0.358      +3.64e+16   +0.000364   +3.80e+16   0.635    0.634    0.300
10           0 2.3e+37  +4.02e+19   +5.08e+19   0.117      +1.33e+16   +0.000133   +1.39e+16   0.633    0.633    0.300
11           1 1.2e+37  +2.02e+19   +6.71e+19   0.537      +4.86e+15   +4.86e-05   +5.10e+15   0.632    0.633    0.300
12           1 5.9e+36  +1.04e+19   +8.90e+19   0.790      +1.79e+15   +1.79e-05   +1.87e+15   0.631    0.633    0.300
13           1 3.0e+36  +5.50e+18   +1.19e+20   0.911      +6.60e+14   +6.60e-06   +6.88e+14   0.630    0.632    0.300
14           1 1.5e+36  +2.97e+18   +1.59e+20   0.963      +2.44e+14   +2.44e-06   +2.53e+14   0.630    0.632    0.300
15           1 7.8e+35  +1.64e+18   +2.14e+20   0.985      +9.02e+13   +9.02e-07   +9.29e+13   0.630    0.632    0.300
16           1 4.0e+35  +9.18e+17   +2.89e+20   0.994      +3.34e+13   +3.34e-07   +3.42e+13   0.631    0.632    0.300
17           1 2.0e+35  +5.24e+17   +3.91e+20   0.997      +1.23e+13   +1.23e-07   +1.26e+13   0.631    0.632    0.300
18           1 1.0e+35  +3.05e+17   +5.33e+20   0.999      +4.55e+12   +4.55e-08   +4.62e+12   0.631    0.633    0.300
19           1 5.2e+34  +1.80e+17   +7.27e+20   1.00       +1.68e+12   +1.68e-08   +1.70e+12   0.631    0.633    0.300
20           1 2.7e+34  +1.08e+17   +9.96e+20   1.00       +6.19e+11   +6.19e-09   +6.23e+11   0.632    0.633    0.300
21           1 1.4e+34  +6.58e+16   +1.37e+21   1.00       +2.28e+11   +2.28e-09   +2.29e+11   0.632    0.633    0.300
22           2 6.9e+33  +4.08e+16   +1.88e+21   1.00       +8.39e+10   +8.39e-10   +8.41e+10   0.632    0.633    0.300
23           2 3.5e+33  +2.56e+16   +2.58e+21   1.00       +3.09e+10   +3.09e-10   +3.09e+10   0.632    0.633    0.300
24           2 1.8e+33  +1.63e+16   +3.56e+21   1.00       +1.14e+10   +1.14e-10   +1.13e+10   0.632    0.633    0.300
25           2 9.0e+32  +1.06e+16   +4.90e+21   1.00       +4.18e+09   +4.18e-11   +4.17e+09   0.632    0.633    0.300
26           2 4.6e+32  +6.93e+15   +6.76e+21   1.00       +1.54e+09   +1.54e-11   +1.53e+09   0.632    0.633    0.300
27           3 2.3e+32  +4.60e+15   +9.32e+21   1.00       +5.65e+08   +5.65e-12   +5.62e+08   0.632    0.633    0.300
28           3 1.2e+32  +3.08e+15   +1.29e+22   1.00       +2.08e+08   +2.08e-12   +2.06e+08   0.632    0.633    0.300
29           4 5.9e+31  +2.09e+15   +1.77e+22   1.00       +7.64e+07   +7.64e-13   +7.58e+07   0.632    0.633    0.300
30           4 3.0e+31  +1.42e+15   +2.45e+22   1.00       +2.81e+07   +2.81e-13   +2.78e+07   0.632    0.633    0.300
31           5 1.5e+31  +9.80e+14   +3.37e+22   1.00       +1.03e+07   +1.03e-13   +1.02e+07   0.632    0.633    0.300
32           5 7.7e+30  +6.78e+14   +4.65e+22   1.00       +3.80e+06   +3.80e-14   +3.75e+06   0.632    0.633    0.300
33           5 3.9e+30  +4.72e+14   +6.41e+22   1.00       +1.40e+06   +1.40e-14   +1.38e+06   0.632    0.633    0.300
34           5 2.0e+30  +3.30e+14   +8.85e+22   1.00       +5.14e+05   +5.14e-15   +5.06e+05   0.632    0.633    0.300
35           5 1.0e+30  +2.31e+14   +1.22e+23   1.00       +1.89e+05   +1.89e-15   +1.86e+05   0.632    0.633    0.300
36           5 5.1e+29  +1.63e+14   +1.68e+23   1.00       +6.94e+04   +6.94e-16   +6.83e+04   0.632    0.633    0.300
37           5 2.6e+29  +1.15e+14   +2.32e+23   1.00       +2.55e+04   +2.55e-16   +2.51e+04   0.632    0.633    0.300
38           5 1.3e+29  +8.11e+13   +3.20e+23   1.00       +9.39e+03   +9.39e-17   +9.21e+03   0.632    0.633    0.300
39           5 6.7e+28  +5.74e+13   +4.42e+23   1.00       +3.45e+03   +3.45e-17   +3.38e+03   0.632    0.633    0.300
40           5 3.4e+28  +4.07e+13   +6.09e+23   1.00       +1.27e+03   +1.27e-17   +1.24e+03   0.632    0.633    0.300
41           6 1.7e+28  +2.89e+13   +8.40e+23   1.00       +467.       +4.67e-18   +456.       0.632    0.633    0.300
42           6 8.7e+27  +2.05e+13   +1.16e+24   1.00       +172.       +1.72e-18   +168.       0.632    0.633    0.300
43           6 4.4e+27  +1.46e+13   +1.60e+24   1.00       +63.1       +6.31e-19   +61.5       0.632    0.633    0.300
44           6 2.2e+27  +1.04e+13   +2.20e+24   1.00       +23.2       +2.32e-19   +22.6       0.632    0.633    0.300
45           6 1.1e+27  +7.36e+12   +3.04e+24   1.00       +8.53       +8.53e-20   +8.30       0.632    0.633    0.300
46           6 5.8e+26  +5.24e+12   +4.19e+24   1.00       +3.13       +3.13e-20   +3.05       0.632    0.633    0.300
47           6 2.9e+26  +3.73e+12   +5.79e+24   1.00       +1.15       +1.15e-20   +1.12       0.632    0.633    0.300
48           6 1.5e+26  +2.65e+12   +7.99e+24   1.00       +0.424      +4.24e-21   +0.411      0.632    0.633    0.300
49           6 7.5e+25  +1.88e+12   +1.11e+25   1.00       +0.156      +1.56e-21   +0.151      0.633    0.633    0.300
50           6 3.8e+25  +1.33e+12   +1.55e+25   1.00       +0.0572     +5.72e-22   +0.0554     0.626    0.633    0.300
51           6 1.9e+25  +9.31e+11   +2.20e+25   1.00       +0.0214     +2.14e-22   +0.0203     0.601    0.633    0.300
52           6 1.0e+25  +6.41e+11   +3.31e+25   1.00       +0.00853    +8.53e-23   +0.00747    0.546    0.625    0.300
53           7 6.2e+24  +4.26e+11   +5.65e+25   1.00       +0.00387    +3.87e-23   +0.00280    0.460    0.597    0.300
54           7 4.3e+24  +2.62e+11   +1.25e+26   1.00       +0.00209    +2.09e-23   +0.00113    0.347    0.530    0.300
55           7 3.5e+24  +1.46e+11   +4.24e+26   1.00       +0.00136    +1.36e-23   +0.000531   0.134    0.294    3.83
56           7 7.0e+24  +1.89e+11   +2.12e+27   1.00       +0.00118    +1.18e-23   +0.000375   0.0413   0.0460   31.9
57           7 1.8e+25  +4.22e+11   +5.54e+27   1.00       +0.00113    +1.13e-23   +0.000358   0.0502   0.0370   47.8
58           7 5.1e+25  +8.21e+11   +1.66e+28   1.00       +0.00108    +1.08e-23   +0.000345   0.0277   0.0243   77.5
59           7 1.5e+26  +1.27e+12   +5.71e+28   1.00       +0.00105    +1.05e-23   +0.000336   0.0106   0.0225   133.
60           7 5.8e+26  +1.81e+12   +2.65e+29   1.00       +0.00103    +1.03e-23   +0.000329   0.0133   0.00520  211.
61           7 1.4e+27  +4.59e+12   +5.64e+29   1.00       +0.00102    +1.02e-23   +0.000327   0.00706  0.0232   181.
62           7 7.0e+27  +5.52e+12   +3.70e+30   1.00       +0.00101    +1.01e-23   +0.000319   0.00717  0.00250  338.
63           7 1.6e+28  +1.37e+13   +6.80e+30   1.00       +0.00101    +1.01e-23   +0.000318   0.00611  0.0156   262.
64           7 7.4e+28  +1.83e+13   +4.22e+31   1.00       +0.00100    +1.00e-23   +0.000314   0.00431  0.00206  444.
65           8 1.6e+29  +3.75e+13   +8.09e+31   1.00       +0.000996   +9.96e-24   +0.000313   0.00500  0.00950  384.
66           8 7.1e+29  +5.79e+13   +4.26e+32   1.00       +0.000991   +9.91e-24   +0.000310   0.00342  0.00195  548.
67           8 1.6e+30  +1.14e+14   +8.87e+32   1.00       +0.000987   +9.87e-24   +0.000309   0.00376  0.00691  500.
68           8 6.8e+30  +1.76e+14   +4.36e+33   1.00       +0.000984   +9.84e-24   +0.000307   0.00297  0.00163  668.
69           8 1.6e+31  +3.54e+14   +9.14e+33   1.00       +0.000981   +9.81e-24   +0.000307   0.00295  0.00608  598.
70           8 6.9e+31  +5.29e+14   +4.69e+34   1.00       +0.000978   +9.78e-24   +0.000305   0.00253  0.00127  809.
71           8 1.6e+32  +1.11e+15   +9.44e+34   1.00       +0.000975   +9.75e-24   +0.000304   0.00253  0.00543  690.
72           8 7.0e+32  +1.64e+15   +4.98e+35   1.00       +0.000973   +9.73e-24   +0.000303   0.00214  0.00106  946.
73           8 1.6e+33  +3.44e+15   +9.90e+35   1.00       +0.000971   +9.71e-24   +0.000302   0.00226  0.00470  796.
74           8 7.0e+33  +5.16e+15   +5.20e+36   1.00       +0.000969   +9.69e-24   +0.000301   0.00182  0.000949 1.08e+03
75           8 1.6e+34  +1.06e+16   +1.04e+37   1.00       +0.000967   +9.67e-24   +0.000301   0.00204  0.00401  916.
76           8 7.0e+34  +1.62e+16   +5.33e+37   1.00       +0.000965   +9.65e-24   +0.000300   0.00159  0.000870 1.21e+03
77           8 1.6e+35  +3.26e+16   +1.09e+38   1.00       +0.000963   +9.63e-24   +0.000299   0.00184  0.00347  1.04e+03
78           9 6.9e+35  +5.08e+16   +5.45e+38   1.00       +0.000962   +9.62e-24   +0.000298   0.00141  0.000797 1.36e+03
79           9 1.6e+36  +1.01e+17   +1.12e+39   1.00       +0.000960   +9.60e-24   +0.000298   0.00166  0.00307  1.17e+03
80           9 6.8e+36  +1.58e+17   +5.57e+39   1.00       +0.000959   +9.59e-24   +0.000297   0.00127  0.000727 1.50e+03
81           9 1.6e+37  +3.13e+17   +1.15e+40   1.00       +0.000957   +9.57e-24   +0.000297   0.00152  0.00277  1.30e+03
82           9 6.8e+37  +4.94e+17   +5.69e+40   1.00       +0.000956   +9.56e-24   +0.000296   0.00114  0.000664 1.66e+03
83           9 1.6e+38  +9.71e+17   +1.18e+41   1.00       +0.000955   +9.55e-24   +0.000296   0.00139  0.00251  1.43e+03
84           9 6.8e+38  +1.54e+18   +5.80e+41   1.00       +0.000954   +9.54e-24   +0.000295   0.00104  0.000612 1.81e+03
85           9 1.6e+39  +3.02e+18   +1.21e+42   1.00       +0.000953   +9.53e-24   +0.000295   0.00129  0.00228  1.56e+03
86           9 6.7e+39  +4.84e+18   +5.90e+42   1.00       +0.000951   +9.51e-24   +0.000294   0.000947 0.000570 1.97e+03
87           9 1.6e+40  +9.36e+18   +1.23e+43   1.00       +0.000950   +9.50e-24   +0.000294   0.00121  0.00208  1.70e+03
88           9 6.6e+40  +1.52e+19   +5.98e+43   1.00       +0.000949   +9.49e-24   +0.000293   0.000861 0.000534 2.12e+03
89           9 1.5e+41  +2.90e+19   +1.26e+44   1.00       +0.000949   +9.49e-24   +0.000293   0.00115  0.00190  1.85e+03
90          10 6.6e+41  +4.77e+19   +6.02e+44   1.00       +0.000947   +9.47e-24   +0.000293   0.000778 0.000510 2.28e+03
91          10 1.5e+42  +8.91e+19   +1.29e+45   1.00       +0.000947   +9.47e-24   +0.000293   0.00110  0.00171  2.01e+03
92          10 6.4e+42  +1.51e+20   +6.00e+45   1.00       +0.000946   +9.46e-24   +0.000292   0.000714 0.000498 2.43e+03
93          10 1.5e+43  +2.75e+20   +1.31e+46   1.00       +0.000945   +9.45e-24   +0.000292   0.00105  0.00154  2.18e+03
94          10 6.3e+43  +4.75e+20   +5.96e+46   1.00       +0.000944   +9.44e-24   +0.000292   0.000659 0.000486 2.58e+03
95          10 1.5e+44  +8.48e+20   +1.33e+47   1.00       +0.000943   +9.43e-24   +0.000291   0.00100  0.00140  2.35e+03
96          10 6.2e+44  +1.50e+21   +5.93e+47   1.00       +0.000942   +9.42e-24   +0.000291   0.000609 0.000477 2.73e+03
97          10 1.5e+45  +2.62e+21   +1.36e+48   1.00       +0.000942   +9.42e-24   +0.000291   0.000967 0.00127  2.53e+03
98          10 6.1e+45  +4.74e+21   +5.90e+48   1.00       +0.000941   +9.41e-24   +0.000290   0.000564 0.000470 2.88e+03
99          10 1.5e+46  +8.11e+21   +1.38e+49   1.00       +0.000940   +9.40e-24   +0.000290   0.000936 0.00115  2.72e+03
100         10 6.0e+46  +1.51e+22   +5.87e+49   1.00       +0.000940   +9.40e-24   +0.000290   0.000523 0.000469 3.02e+03
101         10 1.5e+47  +2.51e+22   +1.42e+50   1.00       +0.000939   +9.39e-24   +0.000290   0.000913 0.00104  2.92e+03
102         10 5.9e+47  +4.82e+22   +5.85e+50   1.00       +0.000938   +9.38e-24   +0.000290   0.000484 0.000474 3.16e+03
103         10 1.5e+48  +7.80e+22   +1.47e+51   1.00       +0.000938   +9.38e-24   +0.000289   0.000899 0.000933 3.13e+03
104         11 5.9e+48  +1.55e+23   +5.85e+51   1.00       +0.000937   +9.37e-24   +0.000289   0.000448 0.000488 3.29e+03
105         11 1.5e+49  +2.43e+23   +1.54e+52   1.00       +0.000936   +9.36e-24   +0.000289   0.000898 0.000827 3.37e+03
106         11 5.9e+49  +5.09e+23   +5.88e+52   1.00       +0.000936   +9.36e-24   +0.000289   0.000413 0.000520 3.39e+03
107         11 1.6e+50  +7.60e+23   +1.67e+53   1.00       +0.000935   +9.35e-24   +0.000289   0.000917 0.000718 3.63e+03
108         11 6.1e+50  +1.71e+24   +5.99e+53   1.00       +0.000934   +9.34e-24   +0.000288   0.000378 0.000589 3.45e+03
109         11 1.8e+51  +2.41e+24   +1.90e+54   1.00       +0.000934   +9.34e-24   +0.000288   0.000753 0.000596 3.96e+03
110         11 6.2e+51  +5.21e+24   +6.29e+54   1.00       +0.000933   +9.33e-24   +0.000288   0.000418 0.000572 3.65e+03
111         11 1.9e+52  +7.88e+24   +2.01e+55   1.00       +0.000933   +9.33e-24   +0.000288   0.000497 0.000616 4.07e+03
112         11 6.4e+52  +1.37e+25   +7.02e+55   1.00       +0.000932   +9.32e-24   +0.000288   0.000528 0.000384 4.30e+03
113         11 1.8e+53  +2.86e+25   +1.84e+56   1.00       +0.000932   +9.32e-24   +0.000288   0.000416 0.000894 3.72e+03
114         11 7.2e+53  +4.03e+25   +8.31e+56   1.00       +0.000932   +9.32e-24   +0.000287   0.000592 0.000289 4.87e+03
115         11 2.0e+54  +1.08e+26   +1.93e+57   1.00       +0.000931   +9.31e-24   +0.000287   0.000425 0.00114  3.48e+03
116         11 8.9e+54  +1.38e+26   +1.05e+58   1.00       +0.000931   +9.31e-24   +0.000287   0.000520 0.000263 5.10e+03
117         11 2.4e+55  +3.58e+26   +2.37e+58   1.00       +0.000930   +9.30e-24   +0.000287   0.000456 0.000979 3.77e+03
118         12 1.0e+56  +4.94e+26   +1.21e+59   1.00       +0.000930   +9.30e-24   +0.000287   0.000414 0.000280 5.12e+03
119         12 2.7e+56  +1.06e+27   +2.86e+59   1.00       +0.000929   +9.29e-24   +0.000287   0.000442 0.000716 4.36e+03
120         12 1.1e+57  +1.66e+27   +1.23e+60   1.00       +0.000929   +9.29e-24   +0.000286   0.000392 0.000307 5.13e+03
121         12 2.8e+57  +3.31e+27   +3.10e+60   1.00       +0.000929   +9.29e-24   +0.000286   0.000397 0.000639 4.70e+03
122         12 1.1e+58  +5.24e+27   +1.27e+61   1.00       +0.000928   +9.28e-24   +0.000286   0.000409 0.000291 5.35e+03
123         12 2.9e+58  +1.10e+28   +3.19e+61   1.00       +0.000928   +9.28e-24   +0.000286   0.000361 0.000672 4.77e+03
124         12 1.1e+59  +1.64e+28   +1.39e+62   1.00       +0.000927   +9.27e-24   +0.000286   0.000421 0.000261 5.67e+03
125         12 3.1e+59  +3.75e+28   +3.36e+62   1.00       +0.000927   +9.27e-24   +0.000286   0.000347 0.000715 4.78e+03
126         12 1.3e+60  +5.35e+28   +1.56e+63   1.00       +0.000927   +9.27e-24   +0.000285   0.000408 0.000243 5.92e+03
127         12 3.4e+60  +1.25e+29   +3.70e+63   1.00       +0.000926   +9.26e-24   +0.000285   0.000331 0.000699 4.94e+03
128         12 1.4e+61  +1.76e+29   +1.74e+64   1.00       +0.000926   +9.26e-24   +0.000285   0.000400 0.000230 6.12e+03
129         12 3.7e+61  +4.16e+29   +4.08e+64   1.00       +0.000926   +9.26e-24   +0.000285   0.000304 0.000689 5.09e+03
130         12 1.6e+62  +5.77e+29   +1.95e+65   1.00       +0.000925   +9.25e-24   +0.000285   0.000417 0.000208 6.37e+03
131         12 4.1e+62  +1.45e+30   +4.40e+65   1.00       +0.000925   +9.25e-24   +0.000285   0.000279 0.000752 5.06e+03
132         12 1.8e+63  +1.91e+30   +2.30e+66   1.00       +0.000925   +9.25e-24   +0.000285   0.000435 0.000178 6.67e+03
133         12 4.7e+63  +5.23e+30   +4.86e+66   1.00       +0.000924   +9.24e-24   +0.000285   0.000261 0.000850 4.93e+03
134         12 2.2e+64  +6.55e+30   +2.82e+67   1.00       +0.000924   +9.24e-24   +0.000284   0.000448 0.000146 6.94e+03
135         13 5.5e+64  +1.90e+31   +5.50e+67   1.00       +0.000924   +9.24e-24   +0.000284   0.000250 0.000965 4.75e+03
136         13 2.7e+65  +2.32e+31   +3.58e+68   1.00       +0.000923   +9.23e-24   +0.000284   0.000394 0.000116 7.20e+03
137         13 6.3e+65  +6.26e+31   +6.39e+68   1.00       +0.000923   +9.23e-24   +0.000284   0.000275 0.000939 4.82e+03
138         13 3.1e+66  +8.06e+31   +4.16e+69   1.00       +0.000923   +9.23e-24   +0.000284   0.000286 0.000110 7.47e+03
139         13 6.7e+66  +1.74e+32   +7.35e+69   1.00       +0.000923   +9.23e-24   +0.000284   0.000339 0.000771 5.54e+03
140         13 3.2e+67  +2.68e+32   +4.29e+70   1.00       +0.000922   +9.22e-24   +0.000284   0.000232 0.000129 7.53e+03
141         13 7.0e+67  +5.17e+32   +8.22e+70   1.00       +0.000922   +9.22e-24   +0.000283   0.000387 0.000542 6.30e+03
142         13 3.0e+68  +9.18e+32   +3.81e+71   1.00       +0.000922   +9.22e-24   +0.000283   0.000223 0.000179 7.10e+03
143         13 7.0e+68  +1.55e+33   +8.56e+71   1.00       +0.000922   +9.22e-24   +0.000283   0.000393 0.000468 6.90e+03
144         13 2.9e+69  +2.99e+33   +3.70e+72   1.00       +0.000921   +9.21e-24   +0.000283   0.000220 0.000194 7.13e+03
145         13 7.1e+69  +4.87e+33   +8.81e+72   1.00       +0.000921   +9.21e-24   +0.000283   0.000375 0.000437 7.22e+03
146         13 2.9e+70  +9.42e+33   +3.72e+73   1.00       +0.000921   +9.21e-24   +0.000283   0.000217 0.000191 7.34e+03
147         13 7.1e+70  +1.54e+34   +8.92e+73   1.00       +0.000920   +9.20e-24   +0.000283   0.000354 0.000430 7.43e+03
148         13 2.9e+71  +2.93e+34   +3.81e+74   1.00       +0.000920   +9.20e-24   +0.000283   0.000211 0.000179 7.67e+03
149         13 7.1e+71  +4.90e+34   +8.98e+74   1.00       +0.000920   +9.20e-24   +0.000283   0.000338 0.000425 7.61e+03
150         13 2.9e+72  +9.15e+34   +3.88e+75   1.00       +0.000920   +9.20e-24   +0.000283   0.000205 0.000169 7.97e+03
151         13 7.1e+72  +1.55e+35   +9.02e+75   1.00       +0.000919   +9.19e-24   +0.000283   0.000326 0.000418 7.79e+03
152         14 2.9e+73  +2.87e+35   +3.92e+76   1.00       +0.000919   +9.19e-24   +0.000282   0.000199 0.000162 8.24e+03
153         14 7.1e+73  +4.88e+35   +9.07e+76   1.00       +0.000919   +9.19e-24   +0.000282   0.000316 0.000409 8.00e+03
154         14 2.9e+74  +9.01e+35   +3.96e+77   1.00       +0.000919   +9.19e-24   +0.000282   0.000194 0.000156 8.49e+03
155         14 7.1e+74  +1.54e+36   +9.12e+77   1.00       +0.000918   +9.18e-24   +0.000282   0.000308 0.000398 8.21e+03
156         14 2.9e+75  +2.84e+36   +3.98e+78   1.00       +0.000918   +9.18e-24   +0.000282   0.000188 0.000152 8.73e+03
157         14 7.1e+75  +4.84e+36   +9.18e+78   1.00       +0.000918   +9.18e-24   +0.000282   0.000301 0.000387 8.43e+03
158         14 2.9e+76  +8.95e+36   +4.00e+79   1.00       +0.000918   +9.18e-24   +0.000282   0.000183 0.000149 8.96e+03
159         14 7.1e+76  +1.52e+37   +9.24e+79   1.00       +0.000918   +9.18e-24   +0.000282   0.000294 0.000377 8.66e+03
160         14 2.9e+77  +2.82e+37   +4.03e+80   1.00       +0.000917   +9.17e-24   +0.000282   0.000178 0.000145 9.20e+03
161         14 7.0e+77  +4.79e+37   +9.31e+80   1.00       +0.000917   +9.17e-24   +0.000282   0.000287 0.000367 8.89e+03
162         14 2.9e+78  +8.90e+37   +4.05e+81   1.00       +0.000917   +9.17e-24   +0.000282   0.000173 0.000142 9.43e+03
163         14 7.0e+78  +1.51e+38   +9.37e+81   1.00       +0.000917   +9.17e-24   +0.000282   0.000281 0.000357 9.13e+03
164         14 2.9e+79  +2.81e+38   +4.07e+82   1.00       +0.000916   +9.16e-24   +0.000282   0.000169 0.000139 9.67e+03
165         14 7.0e+79  +4.75e+38   +9.44e+82   1.00       +0.000916   +9.16e-24   +0.000282   0.000274 0.000348 9.36e+03
166         14 2.9e+80  +8.85e+38   +4.10e+83   1.00       +0.000916   +9.16e-24   +0.000281   0.000164 0.000136 9.91e+03
167         14 7.0e+80  +1.50e+39   +9.51e+83   1.00       +0.000916   +9.16e-24   +0.000281   0.000268 0.000339 9.60e+03
168         14 2.9e+81  +2.79e+39   +4.12e+84   1.00       +0.000916   +9.16e-24   +0.000281   0.000160 0.000133 1.01e+04
169         14 7.0e+81  +4.71e+39   +9.58e+84   1.00       +0.000915   +9.15e-24   +0.000281   0.000262 0.000330 9.84e+03
170         15 2.9e+82  +8.81e+39   +4.15e+85   1.00       +0.000915   +9.15e-24   +0.000281   0.000156 0.000130 1.04e+04
171         15 7.0e+82  +1.49e+40   +9.65e+85   1.00       +0.000915   +9.15e-24   +0.000281   0.000257 0.000322 1.01e+04
172         15 2.9e+83  +2.78e+40   +4.18e+86   1.00       +0.000915   +9.15e-24   +0.000281   0.000153 0.000127 1.06e+04
173         15 7.0e+83  +4.68e+40   +9.73e+86   1.00       +0.000915   +9.15e-24   +0.000281   0.000251 0.000315 1.03e+04
174         15 2.9e+84  +8.78e+40   +4.20e+87   1.00       +0.000914   +9.14e-24   +0.000281   0.000149 0.000124 1.09e+04
175         15 7.1e+84  +1.48e+41   +9.80e+87   1.00       +0.000914   +9.14e-24   +0.000281   0.000246 0.000307 1.06e+04
176         15 2.9e+85  +2.77e+41   +4.23e+88   1.00       +0.000914   +9.14e-24   +0.000281   0.000146 0.000122 1.11e+04
177         15 7.1e+85  +4.66e+41   +9.88e+88   1.00       +0.000914   +9.14e-24   +0.000281   0.000241 0.000300 1.08e+04
178         15 2.9e+86  +8.75e+41   +4.26e+89   1.00       +0.000914   +9.14e-24   +0.000281   0.000142 0.000119 1.14e+04
179         15 7.1e+86  +1.47e+42   +9.96e+89   1.00       +0.000914   +9.14e-24   +0.000281   0.000226 0.000293 1.10e+04
180         15 2.9e+87  +2.71e+42   +4.30e+90   1.00       +0.000913   +9.13e-24   +0.000281   0.000143 0.000113 1.18e+04
181         15 7.0e+87  +4.68e+42   +9.87e+90   1.00       +0.000913   +9.13e-24   +0.000281   0.000182 0.000297 1.11e+04
182         15 2.8e+88  +7.80e+42   +4.36e+91   1.00       +0.000913   +9.13e-24   +0.000280   0.000157 9.23e-05 1.27e+04
183         15 6.8e+88  +1.56e+43   +9.23e+91   1.00       +0.000913   +9.13e-24   +0.000280   0.000165 0.000350 1.06e+04
184         15 2.9e+89  +2.34e+43   +4.58e+92   1.00       +0.000913   +9.13e-24   +0.000280   0.000154 7.62e-05 1.35e+04
185         15 6.7e+89  +5.00e+43   +8.99e+92   1.00       +0.000913   +9.13e-24   +0.000280   0.000172 0.000367 1.04e+04
186         15 3.0e+90  +7.50e+43   +4.64e+93   1.00       +0.000913   +9.13e-24   +0.000280   0.000142 7.60e-05 1.37e+04
187         16 6.7e+90  +1.53e+44   +9.16e+93   1.00       +0.000912   +9.12e-24   +0.000280   0.000179 0.000337 1.09e+04
188         16 2.9e+91  +2.41e+44   +4.52e+94   1.00       +0.000912   +9.12e-24   +0.000280   0.000136 8.00e-05 1.37e+04
189         16 6.6e+91  +4.69e+44   +9.19e+94   1.00       +0.000912   +9.12e-24   +0.000280   0.000176 0.000316 1.13e+04
190         16 2.8e+92  +7.57e+44   +4.41e+95   1.00       +0.000912   +9.12e-24   +0.000280   0.000135 8.06e-05 1.39e+04
191         16 6.5e+92  +1.47e+45   +9.09e+95   1.00       +0.000912   +9.12e-24   +0.000280   0.000169 0.000311 1.16e+04
192         16 2.8e+93  +2.35e+45   +4.36e+96   1.00       +0.000912   +9.12e-24   +0.000280   0.000134 7.78e-05 1.42e+04
193         16 6.3e+93  +4.63e+45   +8.92e+96   1.00       +0.000912   +9.12e-24   +0.000280   0.000164 0.000312 1.17e+04
194         16 2.7e+94  +7.30e+45   +4.35e+97   1.00       +0.000911   +9.11e-24   +0.000280   0.000132 7.47e-05 1.45e+04
195         16 6.2e+94  +1.46e+46   +8.80e+97   1.00       +0.000911   +9.11e-24   +0.000280   0.000162 0.000310 1.18e+04
196         16 2.7e+95  +2.29e+46   +4.32e+98   1.00       +0.000911   +9.11e-24   +0.000280   0.000129 7.30e-05 1.48e+04
197         16 6.2e+95  +4.55e+46   +8.72e+98   1.00       +0.000911   +9.11e-24   +0.000280   0.000160 0.000304 1.20e+04
198         16 2.7e+96  +7.18e+46   +4.27e+99   1.00       +0.000911   +9.11e-24   +0.000280   0.000126 7.22e-05 1.51e+04
199         16 6.1e+96  +1.42e+47   +8.65e+99   1.00       +0.000911   +9.11e-24   +0.000279   0.000157 0.000297 1.23e+04
200         16 2.6e+97  +2.25e+47   +4.22e+100  1.00       +0.000911   +9.11e-24   +0.000279   0.000124 7.12e-05 1.53e+04
201         16 6.0e+97  +4.45e+47   +8.56e+100  1.00       +0.000911   +9.11e-24   +0.000279   0.000154 0.000292 1.25e+04
202         16 2.6e+98  +7.03e+47   +4.17e+101  1.00       +0.000910   +9.10e-24   +0.000279   0.000122 6.99e-05 1.56e+04
203         16 5.9e+98  +1.39e+48   +8.47e+101  1.00       +0.000910   +9.10e-24   +0.000279   0.000151 0.000287 1.27e+04
204         16 2.5e+99  +2.20e+48   +4.13e+102  1.00       +0.000910   +9.10e-24   +0.000279   0.000120 6.86e-05 1.59e+04
205         16 5.8e+99  +4.37e+48   +8.37e+102  1.00       +0.000910   +9.10e-24   +0.000279   0.000149 0.000283 1.29e+04
-----maxComplementarity exceeded-----

primalObjective = 6888453743522975216221429305405513134422211115879.604342723047301035285082121452806803155674920108917207342495571090478885899421773995564682738702359162411691533445390562096467905617799111676484582505982126252302321547898982559112435480500432135071104280249529428558407421191785376439006975926676723397396796376
dualObjective   = 40908227900013459878115776745950055951802800067591381870530213192832938772991656644303629927628980298399.58333788083484530168200283297011467603997266513766305684769022217113826654069703774125477977473693498961613342768535836503817383025480150085869488431810037488154007392997231058346648214931265143060954913705
dualityGap      = 0.9999999999999999999999999999999999999999999999999999996632240457660739327907541661468562149309673698948207055914172283130315083473355055145858771726779752149895211622842500281547645136479158672963238561182008558391904694751845586256355666551665125650334329720973056349569559329987261460037763340349072648675999
primalError     = 0.0009098965467105170063198146746388729175117651967215337835288396491909579993410807968609586008188186056912683897393553434916311773436897379025141411636473639780293292346181352868922864471015480761028490890202846600359702314777822423860048293295772705962533955888954452681703426592783263043190602602459027873932305
dualError       = 0.0002791167158188016695989663483204171110468871368876832732312988096346614714002313351884425861907566229465859013892468785890345247722563309182851919053526430659308064225342943933257479667950791889627021966551939862738989975176866944489185104606319798419253715324916642534325585169052732757068171529671397556600831

Saving checkpoint to    : "/usr/local/share/sdpb/ck_upper_g4"
Saving solution to      : "/usr/local/share/sdpb/out_upper_g4"
PS C:\sdpb_eft> docker run --rm --platform linux/amd64 `
>>   -v "C:/sdpb_eft/:/usr/local/share/sdpb/" `
>>   bootstrapcollaboration/sdpb:3.1.0 `
>>   mpirun --allow-run-as-root -n 4 sdpb --precision=1024 `
>>     -s /usr/local/share/sdpb/sdp_lower_g3 `
>>     -o /usr/local/share/sdpb/out_lower_g3 `
>>     --checkpointDir /usr/local/share/sdpb/ck_lower_g3 `
>>     --writeSolution x,y
>>
2026-Apr-30 12:46:02 Start SDPB
SDPB version: 3.1.0
MPI processes: 4, nodes: 1
SDP directory   : "/usr/local/share/sdpb/sdp_lower_g3"
out directory   : "/usr/local/share/sdpb/out_lower_g3"

Parameters:
maxIterations                = 500
maxRuntime                   = 9223372036854775807
checkpointInterval           = 3600
maxSharedMemory              = 0 B
findPrimalFeasible           = false
findDualFeasible             = false
detectPrimalFeasibleJump     = false
detectDualFeasibleJump       = false
precision(actual)            = 1024(1024)
dualityGapThreshold          = 1e-30
primalErrorThreshold         = 1e-30
dualErrorThreshold           = 1e-30
initialMatrixScalePrimal     = 1e+20
initialMatrixScaleDual       = 1e+20
feasibleCenteringParameter   = 0.1
infeasibleCenteringParameter = 0.3
stepLengthReduction          = 0.7
maxComplementarity           = 1e+100
initialCheckpointDir         = "/usr/local/share/sdpb/ck_lower_g3"
checkpointDir                = "/usr/local/share/sdpb/ck_lower_g3"
noFinalCheckpoint            = false
writeSolution                = x,y
procGranularity              = 1
verbosity                    = 1

2026-Apr-30 12:46:02 Start timing run
Initialize SDP solver
        primal dimension: 234
        dual dimension: 12
        SDP blocks: 26
2026-Apr-30 12:46:03 Start solver iterations
node=0: Set --maxSharedMemory=7.3 GB (7827121912 bytes)

          time    mu     P-obj       D-obj      gap         P-err       p-err       D-err      P-step   D-step   beta
---------------------------------------------------------------------------------------------------------------------
1            0 1.0e+40  +0.00       +0.00       0.00       +1.00e+20   +1.00       +1.08e+20   0.541    0.618    0.300
2            0 5.8e+39  +1.47e+22   +1.53e+17   1.00       +4.59e+19   +0.459      +4.12e+19   0.607    0.618    0.300
3            0 3.1e+39  +1.52e+22   +3.11e+17   1.00       +1.80e+19   +0.180      +1.57e+19   0.620    0.627    0.300
4            0 1.6e+39  +1.03e+22   +5.07e+17   1.00       +6.84e+18   +0.0684     +5.86e+18   0.627    0.631    0.300
5            0 8.2e+38  +5.74e+21   +7.66e+17   1.00       +2.55e+18   +0.0255     +2.17e+18   0.636    0.632    0.300
6            0 4.1e+38  +2.88e+21   +1.12e+18   0.999      +9.30e+17   +0.00930    +7.96e+17   0.646    0.633    0.300
7            0 2.0e+38  +1.35e+21   +1.60e+18   0.998      +3.29e+17   +0.00329    +2.92e+17   0.642    0.634    0.300
8            0 1.0e+38  +6.39e+20   +2.28e+18   0.993      +1.18e+17   +0.00118    +1.07e+17   0.639    0.634    0.300
9            0 5.1e+37  +3.10e+20   +3.22e+18   0.979      +4.25e+16   +0.000425   +3.91e+16   0.636    0.633    0.300
10           0 2.5e+37  +1.54e+20   +4.55e+18   0.943      +1.55e+16   +0.000155   +1.43e+16   0.635    0.633    0.300
11           1 1.3e+37  +7.60e+19   +6.40e+18   0.845      +5.65e+15   +5.65e-05   +5.26e+15   0.634    0.633    0.300
12           1 6.5e+36  +3.80e+19   +8.95e+18   0.619      +2.07e+15   +2.07e-05   +1.93e+15   0.633    0.633    0.300
13           1 3.3e+36  +1.97e+19   +1.25e+19   0.223      +7.60e+14   +7.60e-06   +7.10e+14   0.632    0.633    0.300
14           1 1.7e+36  +1.06e+19   +1.74e+19   0.242      +2.79e+14   +2.79e-06   +2.61e+14   0.632    0.633    0.300
15           1 8.5e+35  +5.97e+18   +2.41e+19   0.603      +1.03e+14   +1.03e-06   +9.58e+13   0.632    0.633    0.300
16           1 4.3e+35  +3.53e+18   +3.34e+19   0.809      +3.79e+13   +3.79e-07   +3.52e+13   0.632    0.633    0.300
17           1 2.2e+35  +2.18e+18   +4.63e+19   0.910      +1.40e+13   +1.40e-07   +1.29e+13   0.632    0.633    0.300
18           1 1.1e+35  +1.41e+18   +6.39e+19   0.957      +5.14e+12   +5.14e-08   +4.75e+12   0.632    0.633    0.300
19           1 5.6e+34  +9.43e+17   +8.83e+19   0.979      +1.89e+12   +1.89e-08   +1.75e+12   0.632    0.633    0.300
20           1 2.9e+34  +6.55e+17   +1.22e+20   0.989      +6.96e+11   +6.96e-09   +6.42e+11   0.632    0.633    0.300
21           1 1.5e+34  +4.68e+17   +1.68e+20   0.994      +2.56e+11   +2.56e-09   +2.36e+11   0.632    0.633    0.300
22           2 7.4e+33  +3.44e+17   +2.32e+20   0.997      +9.42e+10   +9.42e-10   +8.66e+10   0.632    0.633    0.300
23           2 3.7e+33  +2.58e+17   +3.21e+20   0.998      +3.47e+10   +3.47e-10   +3.18e+10   0.632    0.633    0.300
24           2 1.9e+33  +1.96e+17   +4.42e+20   0.999      +1.27e+10   +1.27e-10   +1.17e+10   0.632    0.633    0.300
25           2 9.6e+32  +1.52e+17   +6.10e+20   1.00       +4.69e+09   +4.69e-11   +4.29e+09   0.632    0.633    0.300
26           2 4.9e+32  +1.19e+17   +8.42e+20   1.00       +1.72e+09   +1.72e-11   +1.58e+09   0.632    0.633    0.300
27           2 2.5e+32  +9.37e+16   +1.16e+21   1.00       +6.34e+08   +6.34e-12   +5.78e+08   0.632    0.633    0.300
28           2 1.3e+32  +7.44e+16   +1.60e+21   1.00       +2.33e+08   +2.33e-12   +2.12e+08   0.632    0.633    0.300
29           2 6.4e+31  +5.94e+16   +2.21e+21   1.00       +8.57e+07   +8.57e-13   +7.80e+07   0.632    0.633    0.300
30           2 3.2e+31  +4.76e+16   +3.05e+21   1.00       +3.15e+07   +3.15e-13   +2.87e+07   0.632    0.633    0.300
31           2 1.6e+31  +3.83e+16   +4.20e+21   1.00       +1.16e+07   +1.16e-13   +1.05e+07   0.632    0.633    0.300
32           2 8.3e+30  +3.09e+16   +5.80e+21   1.00       +4.26e+06   +4.26e-14   +3.87e+06   0.632    0.633    0.300
33           2 4.2e+30  +2.50e+16   +8.00e+21   1.00       +1.57e+06   +1.57e-14   +1.42e+06   0.632    0.633    0.300
34           3 2.1e+30  +2.02e+16   +1.10e+22   1.00       +5.76e+05   +5.76e-15   +5.21e+05   0.632    0.633    0.300
35           3 1.1e+30  +1.64e+16   +1.52e+22   1.00       +2.12e+05   +2.12e-15   +1.91e+05   0.632    0.633    0.300
36           3 5.5e+29  +1.33e+16   +2.10e+22   1.00       +7.79e+04   +7.79e-16   +7.03e+04   0.632    0.633    0.300
37           3 2.8e+29  +1.08e+16   +2.89e+22   1.00       +2.86e+04   +2.86e-16   +2.58e+04   0.632    0.633    0.300
38           3 1.4e+29  +8.76e+15   +3.99e+22   1.00       +1.05e+04   +1.05e-16   +9.48e+03   0.632    0.633    0.300
39           3 7.2e+28  +7.12e+15   +5.50e+22   1.00       +3.87e+03   +3.87e-17   +3.48e+03   0.632    0.633    0.300
40           3 3.6e+28  +5.78e+15   +7.59e+22   1.00       +1.42e+03   +1.42e-17   +1.28e+03   0.632    0.633    0.300
41           3 1.8e+28  +4.70e+15   +1.05e+23   1.00       +524.       +5.24e-18   +470.       0.632    0.633    0.300
42           3 9.3e+27  +3.82e+15   +1.44e+23   1.00       +193.       +1.93e-18   +173.       0.632    0.633    0.300
43           3 4.7e+27  +3.11e+15   +1.99e+23   1.00       +70.8       +7.08e-19   +63.4       0.632    0.633    0.300
44           3 2.4e+27  +2.53e+15   +2.75e+23   1.00       +26.0       +2.60e-19   +23.3       0.632    0.633    0.300
45           4 1.2e+27  +2.05e+15   +3.79e+23   1.00       +9.57       +9.57e-20   +8.55       0.632    0.633    0.300
46           4 6.2e+26  +1.67e+15   +5.23e+23   1.00       +3.52       +3.52e-20   +3.14       0.632    0.633    0.300
47           4 3.1e+26  +1.36e+15   +7.21e+23   1.00       +1.29       +1.29e-20   +1.15       0.632    0.633    0.300
48           4 1.6e+26  +1.10e+15   +9.94e+23   1.00       +0.476      +4.76e-21   +0.423      0.632    0.633    0.300
49           4 8.0e+25  +8.98e+14   +1.37e+24   1.00       +0.175      +1.75e-21   +0.155      0.632    0.633    0.300
50           4 4.1e+25  +7.31e+14   +1.89e+24   1.00       +0.0643     +6.43e-22   +0.0571     0.632    0.633    0.300
51           4 2.1e+25  +5.94e+14   +2.61e+24   1.00       +0.0237     +2.37e-22   +0.0210     0.632    0.633    0.300
52           4 1.1e+25  +4.83e+14   +3.60e+24   1.00       +0.00872    +8.72e-23   +0.00770    0.631    0.632    0.300
53           4 5.3e+24  +3.93e+14   +4.98e+24   1.00       +0.00322    +3.22e-23   +0.00283    0.628    0.632    0.300
54           4 2.7e+24  +3.19e+14   +6.92e+24   1.00       +0.00120    +1.20e-23   +0.00104    0.621    0.631    0.300
55           4 1.4e+24  +2.58e+14   +9.73e+24   1.00       +0.000453   +4.53e-24   +0.000385   0.603    0.628    0.300
56           4 7.4e+23  +2.07e+14   +1.41e+25   1.00       +0.000180   +1.80e-24   +0.000143   0.558    0.618    0.300
57           5 4.2e+23  +1.62e+14   +2.24e+25   1.00       +7.95e-05   +7.95e-25   +5.47e-05   0.466    0.590    0.300
58           5 2.8e+23  +1.20e+14   +4.37e+25   1.00       +4.25e-05   +4.25e-25   +2.24e-05   0.281    0.455    2.39
59           5 4.2e+23  +1.42e+14   +1.62e+26   1.00       +3.05e-05   +3.05e-25   +1.22e-05   0.0611   0.0879   35.8
60           5 1.6e+24  +3.99e+14   +7.52e+26   1.00       +2.87e-05   +2.87e-25   +1.11e-05   0.0357   0.0113   78.4
61           5 3.5e+24  +9.58e+14   +1.52e+27   1.00       +2.76e-05   +2.76e-25   +1.10e-05   0.0151   0.0434   77.9
62           5 1.4e+25  +1.25e+15   +8.82e+27   1.00       +2.72e-05   +2.72e-25   +1.05e-05   0.0214   0.00711  169.
63           5 3.9e+25  +4.29e+15   +1.94e+28   1.00       +2.66e-05   +2.66e-25   +1.05e-05   0.00963  0.0220   141.
64           5 1.5e+26  +5.33e+15   +1.07e+29   1.00       +2.64e-05   +2.64e-25   +1.02e-05   0.00890  0.00422  281.
65           5 3.8e+26  +1.33e+16   +2.35e+29   1.00       +2.62e-05   +2.62e-25   +1.02e-05   0.00609  0.0117   245.
66           5 1.4e+27  +1.98e+16   +1.06e+30   1.00       +2.60e-05   +2.60e-25   +1.01e-05   0.00727  0.00302  371.
67           5 3.5e+27  +5.18e+16   +2.25e+30   1.00       +2.58e-05   +2.58e-25   +1.00e-05   0.00452  0.0107   305.
68           5 1.4e+28  +7.29e+16   +1.15e+31   1.00       +2.57e-05   +2.57e-25   +9.94e-06   0.00429  0.00198  485.
69           6 3.1e+28  +1.71e+17   +2.22e+31   1.00       +2.56e-05   +2.56e-25   +9.92e-06   0.00514  0.00751  400.
70           6 1.2e+29  +2.97e+17   +1.01e+32   1.00       +2.54e-05   +2.54e-25   +9.84e-06   0.00272  0.00219  546.
71           6 2.8e+29  +5.41e+17   +2.24e+32   1.00       +2.54e-05   +2.54e-25   +9.82e-06   0.00462  0.00452  544.
72           6 9.8e+29  +1.16e+18   +8.18e+32   1.00       +2.53e-05   +2.53e-25   +9.78e-06   0.00247  0.00240  596.
73           6 2.4e+30  +1.93e+18   +2.06e+33   1.00       +2.52e-05   +2.52e-25   +9.75e-06   0.00352  0.00370  652.
74           6 8.3e+30  +4.00e+18   +7.35e+33   1.00       +2.51e-05   +2.51e-25   +9.72e-06   0.00223  0.00195  708.
75           6 2.0e+31  +7.02e+18   +1.79e+34   1.00       +2.51e-05   +2.51e-25   +9.70e-06   0.00297  0.00338  734.
76           6 7.1e+31  +1.40e+19   +6.56e+34   1.00       +2.50e-05   +2.50e-25   +9.67e-06   0.00197  0.00166  818.
77           6 1.7e+32  +2.52e+19   +1.57e+35   1.00       +2.49e-05   +2.49e-25   +9.65e-06   0.00263  0.00299  826.
78           6 6.0e+32  +4.97e+19   +5.72e+35   1.00       +2.49e-05   +2.49e-25   +9.62e-06   0.00176  0.00149  919.
79           6 1.5e+33  +9.01e+19   +1.38e+36   1.00       +2.48e-05   +2.48e-25   +9.61e-06   0.00233  0.00265  924.
80           6 5.1e+33  +1.77e+20   +4.98e+36   1.00       +2.48e-05   +2.48e-25   +9.58e-06   0.00160  0.00135  1.02e+03
81           6 1.2e+34  +3.22e+20   +1.20e+37   1.00       +2.47e-05   +2.47e-25   +9.57e-06   0.00208  0.00238  1.02e+03
82           7 4.3e+34  +6.30e+20   +4.33e+37   1.00       +2.47e-05   +2.47e-25   +9.55e-06   0.00146  0.00123  1.13e+03
83           7 1.1e+35  +1.16e+21   +1.04e+38   1.00       +2.46e-05   +2.46e-25   +9.53e-06   0.00187  0.00216  1.13e+03
84           7 3.6e+35  +2.24e+21   +3.76e+38   1.00       +2.46e-05   +2.46e-25   +9.51e-06   0.00134  0.00112  1.24e+03
85           7 9.0e+35  +4.14e+21   +9.07e+38   1.00       +2.46e-05   +2.46e-25   +9.50e-06   0.00170  0.00198  1.23e+03
86           7 3.1e+36  +7.99e+21   +3.25e+39   1.00       +2.45e-05   +2.45e-25   +9.48e-06   0.00124  0.00103  1.36e+03
87           7 7.6e+36  +1.48e+22   +7.86e+39   1.00       +2.45e-05   +2.45e-25   +9.47e-06   0.00155  0.00181  1.33e+03
88           7 2.6e+37  +2.85e+22   +2.81e+40   1.00       +2.44e-05   +2.44e-25   +9.46e-06   0.00115  0.000958 1.47e+03
89           7 6.4e+37  +5.31e+22   +6.80e+40   1.00       +2.44e-05   +2.44e-25   +9.45e-06   0.00142  0.00168  1.44e+03
90           7 2.2e+38  +1.02e+23   +2.42e+41   1.00       +2.44e-05   +2.44e-25   +9.43e-06   0.00108  0.000891 1.59e+03
91           7 5.5e+38  +1.90e+23   +5.87e+41   1.00       +2.44e-05   +2.44e-25   +9.42e-06   0.00131  0.00155  1.55e+03
92           7 1.8e+39  +3.63e+23   +2.09e+42   1.00       +2.43e-05   +2.43e-25   +9.41e-06   0.00101  0.000833 1.71e+03
93           7 4.6e+39  +6.82e+23   +5.07e+42   1.00       +2.43e-05   +2.43e-25   +9.40e-06   0.00122  0.00145  1.66e+03
94           7 1.6e+40  +1.30e+24   +1.80e+43   1.00       +2.43e-05   +2.43e-25   +9.39e-06   0.000946 0.000780 1.83e+03
95           8 3.9e+40  +2.44e+24   +4.37e+43   1.00       +2.42e-05   +2.42e-25   +9.38e-06   0.00113  0.00135  1.78e+03
96           8 1.3e+41  +4.63e+24   +1.55e+44   1.00       +2.42e-05   +2.42e-25   +9.37e-06   0.000892 0.000734 1.95e+03
97           8 3.3e+41  +8.77e+24   +3.77e+44   1.00       +2.42e-05   +2.42e-25   +9.36e-06   0.00106  0.00127  1.89e+03
98           8 1.1e+42  +1.65e+25   +1.33e+45   1.00       +2.42e-05   +2.42e-25   +9.35e-06   0.000843 0.000693 2.07e+03
99           8 2.8e+42  +3.14e+25   +3.24e+45   1.00       +2.42e-05   +2.42e-25   +9.34e-06   0.000992 0.00119  2.01e+03
100          8 9.4e+42  +5.92e+25   +1.14e+46   1.00       +2.41e-05   +2.41e-25   +9.33e-06   0.000798 0.000655 2.20e+03
101          8 2.4e+43  +1.13e+26   +2.79e+46   1.00       +2.41e-05   +2.41e-25   +9.33e-06   0.000932 0.00112  2.13e+03
102          8 7.9e+43  +2.12e+26   +9.83e+46   1.00       +2.41e-05   +2.41e-25   +9.31e-06   0.000758 0.000621 2.33e+03
103          8 2.0e+44  +4.05e+26   +2.40e+47   1.00       +2.41e-05   +2.41e-25   +9.31e-06   0.000878 0.00106  2.25e+03
104          8 6.7e+44  +7.58e+26   +8.43e+47   1.00       +2.40e-05   +2.40e-25   +9.30e-06   0.000721 0.000590 2.46e+03
105          8 1.7e+45  +1.45e+27   +2.06e+48   1.00       +2.40e-05   +2.40e-25   +9.29e-06   0.000830 0.00100  2.37e+03
106          8 5.7e+45  +2.71e+27   +7.23e+48   1.00       +2.40e-05   +2.40e-25   +9.28e-06   0.000687 0.000562 2.59e+03
107          8 1.4e+46  +5.21e+27   +1.77e+49   1.00       +2.40e-05   +2.40e-25   +9.28e-06   0.000785 0.000951 2.49e+03
108          8 4.8e+46  +9.71e+27   +6.20e+49   1.00       +2.40e-05   +2.40e-25   +9.27e-06   0.000656 0.000537 2.72e+03
109          9 1.2e+47  +1.87e+28   +1.52e+50   1.00       +2.40e-05   +2.40e-25   +9.27e-06   0.000745 0.000904 2.62e+03
110          9 4.1e+47  +3.48e+28   +5.32e+50   1.00       +2.39e-05   +2.39e-25   +9.26e-06   0.000628 0.000513 2.86e+03
111          9 1.0e+48  +6.72e+28   +1.30e+51   1.00       +2.39e-05   +2.39e-25   +9.25e-06   0.000709 0.000861 2.74e+03
112          9 3.4e+48  +1.25e+29   +4.56e+51   1.00       +2.39e-05   +2.39e-25   +9.24e-06   0.000601 0.000491 2.99e+03
113          9 8.8e+48  +2.41e+29   +1.12e+52   1.00       +2.39e-05   +2.39e-25   +9.24e-06   0.000675 0.000822 2.87e+03
114          9 2.9e+49  +4.47e+29   +3.91e+52   1.00       +2.39e-05   +2.39e-25   +9.23e-06   0.000577 0.000471 3.13e+03
115          9 7.5e+49  +8.66e+29   +9.60e+52   1.00       +2.39e-05   +2.39e-25   +9.23e-06   0.000644 0.000785 3.00e+03
116          9 2.5e+50  +1.60e+30   +3.35e+53   1.00       +2.39e-05   +2.39e-25   +9.22e-06   0.000554 0.000452 3.27e+03
117          9 6.3e+50  +3.11e+30   +8.23e+53   1.00       +2.38e-05   +2.38e-25   +9.22e-06   0.000615 0.000751 3.13e+03
118          9 2.1e+51  +5.75e+30   +2.87e+54   1.00       +2.38e-05   +2.38e-25   +9.21e-06   0.000533 0.000435 3.41e+03
119          9 5.4e+51  +1.12e+31   +7.06e+54   1.00       +2.38e-05   +2.38e-25   +9.21e-06   0.000589 0.000720 3.26e+03
120          9 1.8e+52  +2.06e+31   +2.45e+55   1.00       +2.38e-05   +2.38e-25   +9.20e-06   0.000513 0.000419 3.55e+03
121          9 4.5e+52  +4.02e+31   +6.05e+55   1.00       +2.38e-05   +2.38e-25   +9.19e-06   0.000564 0.000691 3.39e+03
122         10 1.5e+53  +7.41e+31   +2.10e+56   1.00       +2.38e-05   +2.38e-25   +9.19e-06   0.000495 0.000403 3.69e+03
123         10 3.9e+53  +1.44e+32   +5.19e+56   1.00       +2.38e-05   +2.38e-25   +9.18e-06   0.000542 0.000664 3.53e+03
124         10 1.3e+54  +2.66e+32   +1.80e+57   1.00       +2.37e-05   +2.37e-25   +9.18e-06   0.000477 0.000389 3.83e+03
125         11 3.3e+54  +5.19e+32   +4.45e+57   1.00       +2.37e-05   +2.37e-25   +9.18e-06   0.000521 0.000638 3.66e+03
126         11 1.1e+55  +9.55e+32   +1.54e+58   1.00       +2.37e-05   +2.37e-25   +9.17e-06   0.000461 0.000376 3.98e+03
127         11 2.8e+55  +1.87e+33   +3.81e+58   1.00       +2.37e-05   +2.37e-25   +9.17e-06   0.000501 0.000615 3.80e+03
128         11 9.1e+55  +3.43e+33   +1.32e+59   1.00       +2.37e-05   +2.37e-25   +9.16e-06   0.000446 0.000364 4.12e+03
129         11 2.4e+56  +6.71e+33   +3.27e+59   1.00       +2.37e-05   +2.37e-25   +9.16e-06   0.000482 0.000592 3.94e+03
130         11 7.7e+56  +1.23e+34   +1.13e+60   1.00       +2.37e-05   +2.37e-25   +9.15e-06   0.000431 0.000352 4.27e+03
131         11 2.0e+57  +2.41e+34   +2.80e+60   1.00       +2.37e-05   +2.37e-25   +9.15e-06   0.000465 0.000571 4.08e+03
132         11 6.5e+57  +4.43e+34   +9.66e+60   1.00       +2.37e-05   +2.37e-25   +9.14e-06   0.000418 0.000341 4.42e+03
133         11 1.7e+58  +8.69e+34   +2.40e+61   1.00       +2.36e-05   +2.36e-25   +9.14e-06   0.000449 0.000552 4.22e+03
134         11 5.5e+58  +1.59e+35   +8.27e+61   1.00       +2.36e-05   +2.36e-25   +9.13e-06   0.000405 0.000330 4.57e+03
135         11 1.4e+59  +3.13e+35   +2.05e+62   1.00       +2.36e-05   +2.36e-25   +9.13e-06   0.000434 0.000533 4.36e+03
136         11 4.7e+59  +5.73e+35   +7.07e+62   1.00       +2.36e-05   +2.36e-25   +9.13e-06   0.000393 0.000320 4.72e+03
137         11 1.2e+60  +1.12e+36   +1.76e+63   1.00       +2.36e-05   +2.36e-25   +9.12e-06   0.000419 0.000516 4.50e+03
138         11 4.0e+60  +2.06e+36   +6.05e+63   1.00       +2.36e-05   +2.36e-25   +9.12e-06   0.000381 0.000311 4.87e+03
139         11 1.0e+61  +4.05e+36   +1.51e+64   1.00       +2.36e-05   +2.36e-25   +9.12e-06   0.000406 0.000499 4.64e+03
140         11 3.4e+61  +7.41e+36   +5.18e+64   1.00       +2.36e-05   +2.36e-25   +9.11e-06   0.000370 0.000302 5.02e+03
141         11 8.8e+61  +1.46e+37   +1.29e+65   1.00       +2.36e-05   +2.36e-25   +9.11e-06   0.000393 0.000484 4.79e+03
142         11 2.9e+62  +2.66e+37   +4.43e+65   1.00       +2.36e-05   +2.36e-25   +9.10e-06   0.000360 0.000294 5.18e+03
143         12 7.5e+62  +5.25e+37   +1.11e+66   1.00       +2.36e-05   +2.36e-25   +9.10e-06   0.000381 0.000469 4.93e+03
144         12 2.4e+63  +9.59e+37   +3.79e+66   1.00       +2.35e-05   +2.35e-25   +9.10e-06   0.000350 0.000286 5.33e+03
145         12 6.4e+63  +1.89e+38   +9.47e+66   1.00       +2.35e-05   +2.35e-25   +9.10e-06   0.000369 0.000455 5.08e+03
146         12 2.1e+64  +3.45e+38   +3.24e+67   1.00       +2.35e-05   +2.35e-25   +9.09e-06   0.000340 0.000278 5.49e+03
147         12 5.4e+64  +6.80e+38   +8.11e+67   1.00       +2.35e-05   +2.35e-25   +9.09e-06   0.000359 0.000442 5.23e+03
148         12 1.8e+65  +1.24e+39   +2.78e+68   1.00       +2.35e-05   +2.35e-25   +9.08e-06   0.000331 0.000271 5.64e+03
149         12 4.6e+65  +2.45e+39   +6.94e+68   1.00       +2.35e-05   +2.35e-25   +9.08e-06   0.000348 0.000429 5.37e+03
150         12 1.5e+66  +4.47e+39   +2.38e+69   1.00       +2.35e-05   +2.35e-25   +9.08e-06   0.000323 0.000264 5.80e+03
151         12 3.9e+66  +8.82e+39   +5.95e+69   1.00       +2.35e-05   +2.35e-25   +9.08e-06   0.000339 0.000417 5.52e+03
152         12 1.3e+67  +1.61e+40   +2.03e+70   1.00       +2.35e-05   +2.35e-25   +9.07e-06   0.000314 0.000257 5.96e+03
153         12 3.3e+67  +3.18e+40   +5.09e+70   1.00       +2.35e-05   +2.35e-25   +9.07e-06   0.000329 0.000406 5.67e+03
154         12 1.1e+68  +5.79e+40   +1.74e+71   1.00       +2.35e-05   +2.35e-25   +9.07e-06   0.000307 0.000251 6.12e+03
155         12 2.8e+68  +1.14e+41   +4.36e+71   1.00       +2.35e-05   +2.35e-25   +9.06e-06   0.000320 0.000395 5.82e+03
156         12 9.1e+68  +2.09e+41   +1.49e+72   1.00       +2.34e-05   +2.34e-25   +9.06e-06   0.000299 0.000245 6.28e+03
157         12 2.4e+69  +4.12e+41   +3.73e+72   1.00       +2.34e-05   +2.34e-25   +9.06e-06   0.000312 0.000385 5.98e+03
158         12 7.8e+69  +7.52e+41   +1.27e+73   1.00       +2.34e-05   +2.34e-25   +9.05e-06   0.000292 0.000239 6.44e+03
159         12 2.0e+70  +1.49e+42   +3.20e+73   1.00       +2.34e-05   +2.34e-25   +9.05e-06   0.000304 0.000375 6.13e+03
160         13 6.6e+70  +2.71e+42   +1.09e+74   1.00       +2.34e-05   +2.34e-25   +9.05e-06   0.000285 0.000234 6.60e+03
161         13 1.7e+71  +5.36e+42   +2.74e+74   1.00       +2.34e-05   +2.34e-25   +9.05e-06   0.000296 0.000365 6.28e+03
162         13 5.6e+71  +9.75e+42   +9.32e+74   1.00       +2.34e-05   +2.34e-25   +9.04e-06   0.000278 0.000228 6.77e+03
163         13 1.5e+72  +1.93e+43   +2.34e+75   1.00       +2.34e-05   +2.34e-25   +9.04e-06   0.000289 0.000356 6.44e+03
164         13 4.8e+72  +3.51e+43   +7.97e+75   1.00       +2.34e-05   +2.34e-25   +9.04e-06   0.000272 0.000223 6.93e+03
165         13 1.3e+73  +6.96e+43   +2.01e+76   1.00       +2.34e-05   +2.34e-25   +9.04e-06   0.000282 0.000348 6.59e+03
166         13 4.1e+73  +1.27e+44   +6.82e+76   1.00       +2.34e-05   +2.34e-25   +9.03e-06   0.000266 0.000218 7.10e+03
167         13 1.1e+74  +2.51e+44   +1.72e+77   1.00       +2.34e-05   +2.34e-25   +9.03e-06   0.000275 0.000339 6.75e+03
168         13 3.4e+74  +4.56e+44   +5.84e+77   1.00       +2.34e-05   +2.34e-25   +9.03e-06   0.000260 0.000214 7.26e+03
169         13 9.1e+74  +9.04e+44   +1.47e+78   1.00       +2.34e-05   +2.34e-25   +9.03e-06   0.000269 0.000331 6.91e+03
170         13 2.9e+75  +1.65e+45   +4.99e+78   1.00       +2.34e-05   +2.34e-25   +9.02e-06   0.000254 0.000209 7.43e+03
171         13 7.8e+75  +3.26e+45   +1.26e+79   1.00       +2.33e-05   +2.33e-25   +9.02e-06   0.000262 0.000324 7.06e+03
172         13 2.5e+76  +5.93e+45   +4.27e+79   1.00       +2.33e-05   +2.33e-25   +9.02e-06   0.000249 0.000205 7.60e+03
173         13 6.6e+76  +1.18e+46   +1.08e+80   1.00       +2.33e-05   +2.33e-25   +9.02e-06   0.000257 0.000316 7.22e+03
174         13 2.1e+77  +2.14e+46   +3.66e+80   1.00       +2.33e-05   +2.33e-25   +9.01e-06   0.000244 0.000201 7.77e+03
175         13 5.6e+77  +4.24e+46   +9.23e+80   1.00       +2.33e-05   +2.33e-25   +9.01e-06   0.000251 0.000309 7.38e+03
176         13 1.8e+78  +7.71e+46   +3.13e+81   1.00       +2.33e-05   +2.33e-25   +9.01e-06   0.000239 0.000196 7.94e+03
177         13 4.8e+78  +1.53e+47   +7.90e+81   1.00       +2.33e-05   +2.33e-25   +9.01e-06   0.000245 0.000303 7.54e+03
178         13 1.5e+79  +2.78e+47   +2.68e+82   1.00       +2.33e-05   +2.33e-25   +9.00e-06   0.000234 0.000193 8.11e+03
179         14 4.1e+79  +5.52e+47   +6.76e+82   1.00       +2.33e-05   +2.33e-25   +9.00e-06   0.000240 0.000296 7.70e+03
180         14 1.3e+80  +1.00e+48   +2.29e+83   1.00       +2.33e-05   +2.33e-25   +9.00e-06   0.000229 0.000189 8.28e+03
181         14 3.5e+80  +1.99e+48   +5.79e+83   1.00       +2.33e-05   +2.33e-25   +9.00e-06   0.000235 0.000290 7.87e+03
182         14 1.1e+81  +3.62e+48   +1.96e+84   1.00       +2.33e-05   +2.33e-25   +9.00e-06   0.000225 0.000185 8.45e+03
183         14 3.0e+81  +7.18e+48   +4.96e+84   1.00       +2.33e-05   +2.33e-25   +8.99e-06   0.000230 0.000284 8.03e+03
184         14 9.5e+81  +1.30e+49   +1.68e+85   1.00       +2.33e-05   +2.33e-25   +8.99e-06   0.000220 0.000182 8.62e+03
185         14 2.5e+82  +2.59e+49   +4.24e+85   1.00       +2.33e-05   +2.33e-25   +8.99e-06   0.000225 0.000278 8.19e+03
186         14 8.1e+82  +4.70e+49   +1.43e+86   1.00       +2.33e-05   +2.33e-25   +8.99e-06   0.000216 0.000178 8.80e+03
187         14 2.1e+83  +9.34e+49   +3.63e+86   1.00       +2.33e-05   +2.33e-25   +8.99e-06   0.000221 0.000272 8.36e+03
188         14 6.9e+83  +1.70e+50   +1.23e+87   1.00       +2.33e-05   +2.33e-25   +8.98e-06   0.000212 0.000175 8.97e+03
189         14 1.8e+84  +3.37e+50   +3.11e+87   1.00       +2.33e-05   +2.33e-25   +8.98e-06   0.000217 0.000267 8.52e+03
190         14 5.8e+84  +6.12e+50   +1.05e+88   1.00       +2.32e-05   +2.32e-25   +8.98e-06   0.000208 0.000172 9.15e+03
191         14 1.6e+85  +1.22e+51   +2.66e+88   1.00       +2.32e-05   +2.32e-25   +8.98e-06   0.000212 0.000262 8.69e+03
192         14 5.0e+85  +2.21e+51   +8.98e+88   1.00       +2.32e-05   +2.32e-25   +8.98e-06   0.000204 0.000169 9.32e+03
193         14 1.3e+86  +4.39e+51   +2.28e+89   1.00       +2.32e-05   +2.32e-25   +8.97e-06   0.000208 0.000257 8.86e+03
194         14 4.2e+86  +7.97e+51   +7.69e+89   1.00       +2.32e-05   +2.32e-25   +8.97e-06   0.000201 0.000166 9.50e+03
195         14 1.1e+87  +1.58e+52   +1.95e+90   1.00       +2.32e-05   +2.32e-25   +8.97e-06   0.000204 0.000252 9.02e+03
196         14 3.6e+87  +2.88e+52   +6.58e+90   1.00       +2.32e-05   +2.32e-25   +8.97e-06   0.000197 0.000163 9.68e+03
197         14 9.6e+87  +5.72e+52   +1.67e+91   1.00       +2.32e-05   +2.32e-25   +8.97e-06   0.000200 0.000247 9.19e+03
198         15 3.1e+88  +1.04e+53   +5.63e+91   1.00       +2.32e-05   +2.32e-25   +8.96e-06   0.000193 0.000160 9.86e+03
199         15 8.2e+88  +2.06e+53   +1.43e+92   1.00       +2.32e-05   +2.32e-25   +8.96e-06   0.000197 0.000243 9.36e+03
200         15 2.6e+89  +3.74e+53   +4.81e+92   1.00       +2.32e-05   +2.32e-25   +8.96e-06   0.000190 0.000157 1.00e+04
201         15 7.0e+89  +7.45e+53   +1.22e+93   1.00       +2.32e-05   +2.32e-25   +8.96e-06   0.000193 0.000238 9.53e+03
202         15 2.2e+90  +1.35e+54   +4.12e+93   1.00       +2.32e-05   +2.32e-25   +8.96e-06   0.000187 0.000154 1.02e+04
203         15 5.9e+90  +2.69e+54   +1.05e+94   1.00       +2.32e-05   +2.32e-25   +8.96e-06   0.000190 0.000234 9.70e+03
204         15 1.9e+91  +4.88e+54   +3.52e+94   1.00       +2.32e-05   +2.32e-25   +8.95e-06   0.000184 0.000152 1.04e+04
205         15 5.0e+91  +9.70e+54   +8.96e+94   1.00       +2.32e-05   +2.32e-25   +8.95e-06   0.000186 0.000230 9.87e+03
206         15 1.6e+92  +1.76e+55   +3.02e+95   1.00       +2.32e-05   +2.32e-25   +8.95e-06   0.000181 0.000149 1.06e+04
207         15 4.3e+92  +3.50e+55   +7.67e+95   1.00       +2.32e-05   +2.32e-25   +8.95e-06   0.000183 0.000226 1.00e+04
208         15 1.4e+93  +6.36e+55   +2.58e+96   1.00       +2.32e-05   +2.32e-25   +8.95e-06   0.000178 0.000147 1.08e+04
209         15 3.7e+93  +1.26e+56   +6.56e+96   1.00       +2.32e-05   +2.32e-25   +8.95e-06   0.000180 0.000222 1.02e+04
210         15 1.2e+94  +2.29e+56   +2.21e+97   1.00       +2.32e-05   +2.32e-25   +8.94e-06   0.000175 0.000145 1.09e+04
211         15 3.1e+94  +4.57e+56   +5.62e+97   1.00       +2.32e-05   +2.32e-25   +8.94e-06   0.000177 0.000218 1.04e+04
212         15 1.0e+95  +8.28e+56   +1.89e+98   1.00       +2.31e-05   +2.31e-25   +8.94e-06   0.000172 0.000142 1.11e+04
213         15 2.7e+95  +1.65e+57   +4.81e+98   1.00       +2.31e-05   +2.31e-25   +8.94e-06   0.000174 0.000214 1.06e+04
214         15 8.5e+95  +2.99e+57   +1.62e+99   1.00       +2.31e-05   +2.31e-25   +8.94e-06   0.000169 0.000140 1.13e+04
215         15 2.3e+96  +5.95e+57   +4.12e+99   1.00       +2.31e-05   +2.31e-25   +8.94e-06   0.000171 0.000211 1.07e+04
216         16 7.2e+96  +1.08e+58   +1.38e+100  1.00       +2.31e-05   +2.31e-25   +8.93e-06   0.000166 0.000138 1.15e+04
217         16 1.9e+97  +2.15e+58   +3.52e+100  1.00       +2.31e-05   +2.31e-25   +8.93e-06   0.000168 0.000207 1.09e+04
218         16 6.2e+97  +3.90e+58   +1.18e+101  1.00       +2.31e-05   +2.31e-25   +8.93e-06   0.000164 0.000136 1.17e+04
219         16 1.6e+98  +7.76e+58   +3.01e+101  1.00       +2.31e-05   +2.31e-25   +8.93e-06   0.000166 0.000204 1.11e+04
220         16 5.2e+98  +1.41e+59   +1.01e+102  1.00       +2.31e-05   +2.31e-25   +8.93e-06   0.000161 0.000134 1.19e+04
221         16 1.4e+99  +2.80e+59   +2.58e+102  1.00       +2.31e-05   +2.31e-25   +8.93e-06   0.000163 0.000201 1.13e+04
222         16 4.5e+99  +5.08e+59   +8.66e+102  1.00       +2.31e-05   +2.31e-25   +8.92e-06   0.000159 0.000132 1.21e+04
-----maxComplementarity exceeded-----

primalObjective = 1012104237403395218481872053239529446184008972667575321451375.899758076255272482078212181181266648206029340165025236762751343886583054981725462157066640535315328024403044472485440287111068414879631619722903052971486401177498253766005382817702276492907148607813369583513397900470180708622021654893644351248608188
dualObjective   = 22077809664661169230491360900981269900527608717505582569284386488783462116346771260514698852992771709446.99950448779010501166361162413297048244930378075054393750322867631066184161280184941361365437797613665498390371918183981954682944322201079416336373423830835271113134514331742638983035477188542862037861897562
dualityGap      = 0.9999999999999999999999999999999999999999999083147963700928932226021252713488107104586971125316446430362164942327169471223544465981603910352635253653161025044292552157778948246953101853389955142145122827208446227854077900661720361979022169328229987754564733379128562264427253165753800771646588732334055478737654
primalError     = 2.310472208407824287777198372849039766311620913031259526684814501368647214261236092731342601495720757074868759654686930815634323289385239579212013967964114080737100990215493344954576934384491301980480028492726153424513876317997062749660738595733298533300925257977281812386537210409853869181364591058391040006420e-05
dualError       = 8.923763597390816156149149668671867757372470650904572895563595189514331399999409010485396253894108394144913578598953711926518638198714775353199823476348266807326746173002038652577351123630543909791626338923168895776353260755307521644666490423876581063050787523428337787319189952180642555856306117140731981109837e-06

Saving checkpoint to    : "/usr/local/share/sdpb/ck_lower_g3"
Saving solution to      : "/usr/local/share/sdpb/out_lower_g3"
PS C:\sdpb_eft> docker run --rm --platform linux/amd64 `
>>   -v "C:/sdpb_eft/:/usr/local/share/sdpb/" `
>>   bootstrapcollaboration/sdpb:3.1.0 `
>>   mpirun --allow-run-as-root -n 4 sdpb --precision=1024 `
>>     -s /usr/local/share/sdpb/sdp_upper_g3 `
>>     -o /usr/local/share/sdpb/out_upper_g3 `
>>     --checkpointDir /usr/local/share/sdpb/ck_upper_g3 `
>>     --writeSolution x,y
>>
2026-Apr-30 12:46:33 Start SDPB
SDPB version: 3.1.0
MPI processes: 4, nodes: 1
SDP directory   : "/usr/local/share/sdpb/sdp_upper_g3"
out directory   : "/usr/local/share/sdpb/out_upper_g3"

Parameters:
maxIterations                = 500
maxRuntime                   = 9223372036854775807
checkpointInterval           = 3600
maxSharedMemory              = 0 B
findPrimalFeasible           = false
findDualFeasible             = false
detectPrimalFeasibleJump     = false
detectDualFeasibleJump       = false
precision(actual)            = 1024(1024)
dualityGapThreshold          = 1e-30
primalErrorThreshold         = 1e-30
dualErrorThreshold           = 1e-30
initialMatrixScalePrimal     = 1e+20
initialMatrixScaleDual       = 1e+20
feasibleCenteringParameter   = 0.1
infeasibleCenteringParameter = 0.3
stepLengthReduction          = 0.7
maxComplementarity           = 1e+100
initialCheckpointDir         = "/usr/local/share/sdpb/ck_upper_g3"
checkpointDir                = "/usr/local/share/sdpb/ck_upper_g3"
noFinalCheckpoint            = false
writeSolution                = x,y
procGranularity              = 1
verbosity                    = 1

2026-Apr-30 12:46:33 Start timing run
Initialize SDP solver
        primal dimension: 234
        dual dimension: 12
        SDP blocks: 26
2026-Apr-30 12:46:33 Start solver iterations
node=0: Set --maxSharedMemory=7.3 GB (7824609016 bytes)

          time    mu     P-obj       D-obj      gap         P-err       p-err       D-err      P-step   D-step   beta
---------------------------------------------------------------------------------------------------------------------
1            0 1.0e+40  +0.00       +0.00       0.00       +1.00e+20   +1.00       +1.08e+20   0.541    0.618    0.300
2            0 5.8e+39  +1.47e+22   -1.53e+17   1.00       +4.59e+19   +0.459      +4.12e+19   0.607    0.618    0.300
3            0 3.1e+39  +1.52e+22   -3.11e+17   1.00       +1.80e+19   +0.180      +1.57e+19   0.620    0.627    0.300
4            0 1.6e+39  +1.03e+22   -5.07e+17   1.00       +6.84e+18   +0.0684     +5.86e+18   0.627    0.631    0.300
5            0 8.2e+38  +5.74e+21   -7.66e+17   1.00       +2.55e+18   +0.0255     +2.17e+18   0.636    0.632    0.300
6            0 4.1e+38  +2.88e+21   -1.12e+18   1.00       +9.30e+17   +0.00930    +7.96e+17   0.646    0.633    0.300
7            0 2.0e+38  +1.35e+21   -1.60e+18   1.00       +3.29e+17   +0.00329    +2.92e+17   0.642    0.634    0.300
8            0 1.0e+38  +6.39e+20   -2.28e+18   1.00       +1.18e+17   +0.00118    +1.07e+17   0.639    0.634    0.300
9            0 5.1e+37  +3.10e+20   -3.22e+18   1.00       +4.25e+16   +0.000425   +3.91e+16   0.636    0.633    0.300
10           0 2.5e+37  +1.54e+20   -4.55e+18   1.00       +1.55e+16   +0.000155   +1.43e+16   0.635    0.633    0.300
11           0 1.3e+37  +7.60e+19   -6.40e+18   1.00       +5.65e+15   +5.65e-05   +5.26e+15   0.634    0.633    0.300
12           1 6.5e+36  +3.80e+19   -8.95e+18   1.00       +2.07e+15   +2.07e-05   +1.93e+15   0.633    0.633    0.300
13           1 3.3e+36  +1.97e+19   -1.25e+19   1.00       +7.60e+14   +7.60e-06   +7.10e+14   0.632    0.633    0.300
14           1 1.7e+36  +1.06e+19   -1.74e+19   1.00       +2.79e+14   +2.79e-06   +2.61e+14   0.632    0.633    0.300
15           1 8.5e+35  +5.97e+18   -2.41e+19   1.00       +1.03e+14   +1.03e-06   +9.58e+13   0.632    0.633    0.300
16           1 4.3e+35  +3.53e+18   -3.34e+19   1.00       +3.79e+13   +3.79e-07   +3.52e+13   0.632    0.633    0.300
17           1 2.2e+35  +2.18e+18   -4.63e+19   1.00       +1.40e+13   +1.40e-07   +1.29e+13   0.632    0.633    0.300
18           1 1.1e+35  +1.41e+18   -6.39e+19   1.00       +5.14e+12   +5.14e-08   +4.75e+12   0.632    0.633    0.300
19           1 5.6e+34  +9.43e+17   -8.83e+19   1.00       +1.89e+12   +1.89e-08   +1.75e+12   0.632    0.633    0.300
20           1 2.9e+34  +6.55e+17   -1.22e+20   1.00       +6.96e+11   +6.96e-09   +6.42e+11   0.632    0.633    0.300
21           1 1.5e+34  +4.68e+17   -1.68e+20   1.00       +2.56e+11   +2.56e-09   +2.36e+11   0.632    0.633    0.300
22           1 7.4e+33  +3.44e+17   -2.32e+20   1.00       +9.42e+10   +9.42e-10   +8.66e+10   0.632    0.633    0.300
23           2 3.7e+33  +2.58e+17   -3.21e+20   1.00       +3.47e+10   +3.47e-10   +3.18e+10   0.632    0.633    0.300
24           2 1.9e+33  +1.96e+17   -4.42e+20   1.00       +1.27e+10   +1.27e-10   +1.17e+10   0.632    0.633    0.300
25           2 9.6e+32  +1.52e+17   -6.10e+20   1.00       +4.69e+09   +4.69e-11   +4.29e+09   0.632    0.633    0.300
26           2 4.9e+32  +1.19e+17   -8.42e+20   1.00       +1.72e+09   +1.72e-11   +1.58e+09   0.632    0.633    0.300
27           2 2.5e+32  +9.37e+16   -1.16e+21   1.00       +6.34e+08   +6.34e-12   +5.78e+08   0.632    0.633    0.300
28           2 1.3e+32  +7.44e+16   -1.60e+21   1.00       +2.33e+08   +2.33e-12   +2.12e+08   0.632    0.633    0.300
29           2 6.4e+31  +5.94e+16   -2.21e+21   1.00       +8.57e+07   +8.57e-13   +7.80e+07   0.632    0.633    0.300
30           2 3.2e+31  +4.76e+16   -3.05e+21   1.00       +3.15e+07   +3.15e-13   +2.87e+07   0.632    0.633    0.300
31           2 1.6e+31  +3.83e+16   -4.20e+21   1.00       +1.16e+07   +1.16e-13   +1.05e+07   0.632    0.633    0.300
32           2 8.3e+30  +3.09e+16   -5.80e+21   1.00       +4.26e+06   +4.26e-14   +3.87e+06   0.632    0.633    0.300
33           2 4.2e+30  +2.50e+16   -8.00e+21   1.00       +1.57e+06   +1.57e-14   +1.42e+06   0.632    0.633    0.300
34           3 2.1e+30  +2.02e+16   -1.10e+22   1.00       +5.76e+05   +5.76e-15   +5.21e+05   0.632    0.633    0.300
35           3 1.1e+30  +1.64e+16   -1.52e+22   1.00       +2.12e+05   +2.12e-15   +1.91e+05   0.632    0.633    0.300
36           3 5.5e+29  +1.33e+16   -2.10e+22   1.00       +7.79e+04   +7.79e-16   +7.03e+04   0.632    0.633    0.300
37           3 2.8e+29  +1.08e+16   -2.89e+22   1.00       +2.86e+04   +2.86e-16   +2.58e+04   0.632    0.633    0.300
38           3 1.4e+29  +8.76e+15   -3.99e+22   1.00       +1.05e+04   +1.05e-16   +9.48e+03   0.632    0.633    0.300
39           3 7.2e+28  +7.12e+15   -5.50e+22   1.00       +3.87e+03   +3.87e-17   +3.48e+03   0.632    0.633    0.300
40           3 3.6e+28  +5.78e+15   -7.59e+22   1.00       +1.42e+03   +1.42e-17   +1.28e+03   0.632    0.633    0.300
41           3 1.8e+28  +4.70e+15   -1.05e+23   1.00       +524.       +5.24e-18   +470.       0.632    0.633    0.300
42           3 9.3e+27  +3.82e+15   -1.44e+23   1.00       +193.       +1.93e-18   +173.       0.632    0.633    0.300
43           3 4.7e+27  +3.11e+15   -1.99e+23   1.00       +70.8       +7.08e-19   +63.4       0.632    0.633    0.300
44           3 2.4e+27  +2.53e+15   -2.75e+23   1.00       +26.0       +2.60e-19   +23.3       0.632    0.633    0.300
45           4 1.2e+27  +2.05e+15   -3.79e+23   1.00       +9.57       +9.57e-20   +8.55       0.632    0.633    0.300
46           4 6.2e+26  +1.67e+15   -5.23e+23   1.00       +3.52       +3.52e-20   +3.14       0.632    0.633    0.300
47           4 3.1e+26  +1.36e+15   -7.21e+23   1.00       +1.29       +1.29e-20   +1.15       0.632    0.633    0.300
48           4 1.6e+26  +1.10e+15   -9.94e+23   1.00       +0.476      +4.76e-21   +0.423      0.632    0.633    0.300
49           4 8.0e+25  +8.99e+14   -1.37e+24   1.00       +0.175      +1.75e-21   +0.155      0.632    0.633    0.300
50           4 4.1e+25  +7.31e+14   -1.89e+24   1.00       +0.0643     +6.43e-22   +0.0571     0.633    0.633    0.300
51           4 2.1e+25  +5.94e+14   -2.61e+24   1.00       +0.0236     +2.36e-22   +0.0210     0.633    0.633    0.300
52           4 1.0e+25  +4.84e+14   -3.59e+24   1.00       +0.00867    +8.67e-23   +0.00770    0.634    0.633    0.300
53           4 5.3e+24  +3.94e+14   -4.94e+24   1.00       +0.00318    +3.18e-23   +0.00282    0.636    0.633    0.300
54           4 2.7e+24  +3.21e+14   -6.77e+24   1.00       +0.00115    +1.15e-23   +0.00104    0.644    0.635    0.300
55           4 1.3e+24  +2.62e+14   -9.15e+24   1.00       +0.000412   +4.12e-24   +0.000378   0.662    0.638    0.300
56           4 6.5e+23  +2.17e+14   -1.20e+25   1.00       +0.000139   +1.39e-24   +0.000137   0.643    0.645    0.300
57           5 3.4e+23  +1.88e+14   -1.42e+25   1.00       +4.97e-05   +4.97e-25   +4.86e-05   0.597    0.658    0.300
58           5 1.8e+23  +1.81e+14   -1.36e+25   1.00       +2.00e-05   +2.00e-25   +1.66e-05   0.519    0.672    0.300
59           5 1.0e+23  +1.95e+14   -9.48e+24   1.00       +9.63e-06   +9.63e-26   +5.46e-06   0.570    0.672    0.300
60           5 5.5e+22  +2.37e+14   -5.24e+24   1.00       +4.14e-06   +4.14e-26   +1.79e-06   0.565    0.496    0.300
61           5 3.4e+22  +2.88e+14   -3.30e+24   1.00       +1.80e-06   +1.80e-26   +9.02e-07   0.597    0.675    0.300
62           5 1.7e+22  +3.41e+14   -1.46e+24   1.00       +7.27e-07   +7.27e-27   +2.93e-07   0.634    0.665    0.300
63           5 8.7e+21  +3.91e+14   -6.72e+23   1.00       +2.66e-07   +2.66e-27   +9.81e-08   0.646    0.579    0.300
64           5 4.7e+21  +4.30e+14   -3.71e+23   1.00       +9.41e-08   +9.41e-28   +4.13e-08   0.507    0.445    0.300
65           5 3.2e+21  +4.86e+14   -2.64e+23   1.00       +4.64e-08   +4.64e-28   +2.29e-08   0.484    0.670    0.300
66           5 1.9e+21  +6.15e+14   -1.58e+23   1.00       +2.39e-08   +2.39e-28   +7.58e-09   0.346    0.378    0.300
67           5 1.4e+21  +7.52e+14   -1.16e+23   1.00       +1.57e-08   +1.57e-28   +4.71e-09   0.347    0.550    0.300
68           5 1.0e+21  +9.28e+14   -8.34e+22   1.00       +1.02e-08   +1.02e-28   +2.12e-09   0.385    0.545    0.300
69           5 7.0e+20  +1.14e+15   -5.85e+22   1.00       +6.28e-09   +6.28e-29   +9.65e-10   0.421    0.564    0.300
70           6 4.7e+20  +1.38e+15   -3.88e+22   1.00       +3.64e-09   +3.64e-29   +4.20e-10   0.464    0.589    0.300
71           6 3.0e+20  +1.67e+15   -2.43e+22   1.00       +1.95e-09   +1.95e-29   +1.73e-10   0.505    0.607    0.300
72           6 1.8e+20  +2.00e+15   -1.46e+22   1.00       +9.65e-10   +9.65e-30   +6.79e-11   0.537    0.621    0.300
73           6 1.1e+20  +2.39e+15   -8.53e+21   1.00       +4.46e-10   +4.46e-30   +2.57e-11   0.554    0.631    0.300
74           6 6.2e+19  +2.82e+15   -4.85e+21   1.00       +1.99e-10   +1.99e-30   +9.49e-12   0.559    0.640    0.300
75           6 3.5e+19  +3.30e+15   -2.72e+21   1.00       +8.79e-11   +8.79e-31   +3.41e-12   0.559    0.650    0.300
76           6 2.0e+19  +3.86e+15   -1.51e+21   1.00       +3.88e-11   +3.88e-31   +1.20e-12   0.557    0.658    0.300
77           6 1.1e+19  +4.55e+15   -8.44e+20   1.00       +1.72e-11   +1.72e-31   +4.09e-13   0.553    0.663    0.300
78           6 6.5e+18  +5.42e+15   -4.76e+20   1.00       +7.67e-12   +7.67e-32   +1.38e-13   0.548    0.661    0.300
79           6 3.7e+18  +6.59e+15   -2.75e+20   1.00       +3.47e-12   +3.47e-32   +4.67e-14   0.539    0.649    0.300
80           6 2.2e+18  +8.14e+15   -1.65e+20   1.00       +1.60e-12   +1.60e-32   +1.64e-14   0.531    0.629    0.300
81           6 1.3e+18  +1.01e+16   -1.03e+20   1.00       +7.49e-13   +7.49e-33   +6.09e-15   0.530    0.612    0.300
82           6 7.8e+17  +1.26e+16   -6.48e+19   1.00       +3.52e-13   +3.52e-33   +2.36e-15   0.546    0.612    0.300
83           6 4.5e+17  +1.57e+16   -4.05e+19   1.00       +1.60e-13   +1.60e-33   +9.19e-16   0.600    0.640    0.300
84           7 2.5e+17  +1.97e+16   -2.41e+19   1.00       +6.41e-14   +6.41e-34   +3.31e-16   0.579    0.675    0.300
85           7 1.3e+17  +2.40e+16   -1.33e+19   1.00       +2.69e-14   +2.69e-34   +1.08e-16   0.607    0.678    0.300
86           7 6.9e+16  +2.84e+16   -7.00e+18   1.00       +1.06e-14   +1.06e-34   +3.47e-17   0.646    0.679    0.300
87           7 3.4e+16  +2.98e+16   -3.53e+18   1.00       +3.74e-15   +3.74e-35   +1.11e-17   0.639    0.676    0.300
88           7 1.7e+16  +2.50e+16   -1.74e+18   1.00       +1.35e-15   +1.35e-35   +3.61e-18   0.629    0.669    0.300
89           7 8.7e+15  +1.70e+16   -8.36e+17   1.00       +5.02e-16   +5.02e-36   +1.20e-18   0.628    0.616    0.300
90           7 4.6e+15  +1.02e+16   -4.23e+17   1.00       +1.87e-16   +1.87e-36   +4.60e-19   0.458    0.518    0.300
91           7 3.1e+15  +7.01e+15   -2.55e+17   1.00       +1.01e-16   +1.01e-36   +2.22e-19   0.483    0.573    0.300
92           7 2.0e+15  +4.70e+15   -1.49e+17   1.00       +5.23e-17   +5.23e-37   +9.46e-20   0.521    0.607    0.300
93           7 1.2e+15  +2.99e+15   -8.60e+16   1.00       +2.50e-17   +2.50e-37   +3.72e-20   0.545    0.623    0.300
94           7 7.0e+14  +1.83e+15   -4.96e+16   1.00       +1.14e-17   +1.14e-37   +1.40e-20   0.557    0.624    0.300
95           7 4.0e+14  +1.09e+15   -2.87e+16   1.00       +5.05e-18   +5.05e-38   +5.26e-21   0.558    0.612    0.300
96           7 2.3e+14  +6.44e+14   -1.69e+16   1.00       +2.23e-18   +2.23e-38   +2.04e-21   0.556    0.600    0.300
97           8 1.4e+14  +3.80e+14   -1.00e+16   1.00       +9.91e-19   +9.91e-39   +8.18e-22   0.554    0.592    0.300
98           8 8.0e+13  +2.24e+14   -5.96e+15   1.00       +4.42e-19   +4.42e-39   +3.34e-22   0.553    0.587    0.300
99           8 4.7e+13  +1.32e+14   -3.55e+15   1.00       +1.98e-19   +1.98e-39   +1.38e-22   0.552    0.583    0.300
100          8 2.8e+13  +7.83e+13   -2.12e+15   1.00       +8.86e-20   +8.86e-40   +5.76e-23   0.552    0.580    0.300
101          8 1.7e+13  +4.64e+13   -1.27e+15   1.00       +3.97e-20   +3.97e-40   +2.42e-23   0.550    0.578    0.300
102          8 9.9e+12  +2.75e+13   -7.56e+14   1.00       +1.79e-20   +1.79e-40   +1.02e-23   0.549    0.577    0.300
103          8 5.9e+12  +1.64e+13   -4.51e+14   1.00       +8.07e-21   +8.07e-41   +4.33e-24   0.548    0.577    0.300
104          8 3.5e+12  +9.78e+12   -2.69e+14   1.00       +3.65e-21   +3.65e-41   +1.83e-24   0.548    0.578    0.300
105          8 2.1e+12  +5.84e+12   -1.60e+14   1.00       +1.65e-21   +1.65e-41   +7.72e-25   0.548    0.579    0.300
106          8 1.2e+12  +3.49e+12   -9.51e+13   1.00       +7.46e-22   +7.46e-42   +3.25e-25   0.548    0.580    0.300
107          8 7.3e+11  +2.10e+12   -5.64e+13   1.00       +3.37e-22   +3.37e-42   +1.36e-25   0.548    0.581    0.300
108          8 4.4e+11  +1.27e+12   -3.35e+13   1.00       +1.52e-22   +1.52e-42   +5.72e-26   0.549    0.581    0.300
109          8 2.6e+11  +7.74e+11   -1.99e+13   1.00       +6.87e-23   +6.87e-43   +2.39e-26   0.549    0.582    0.300
110          8 1.5e+11  +4.84e+11   -1.18e+13   1.00       +3.10e-23   +3.10e-43   +1.00e-26   0.549    0.582    0.300
111          8 9.1e+10  +3.14e+11   -6.95e+12   1.00       +1.40e-23   +1.40e-43   +4.19e-27   0.548    0.581    0.300
112          9 5.4e+10  +2.16e+11   -4.11e+12   1.00       +6.32e-24   +6.32e-44   +1.76e-27   0.548    0.580    0.300
113          9 3.2e+10  +1.59e+11   -2.42e+12   1.00       +2.86e-24   +2.86e-44   +7.38e-28   0.547    0.578    0.300
114          9 1.9e+10  +1.25e+11   -1.42e+12   1.00       +1.29e-24   +1.29e-44   +3.11e-28   0.546    0.575    0.300
115          9 1.1e+10  +1.03e+11   -8.31e+11   1.00       +5.88e-25   +5.88e-45   +1.33e-28   0.544    0.571    0.300
116          9 6.9e+09  +8.72e+10   -4.82e+11   1.00       +2.68e-25   +2.68e-45   +5.69e-29   0.542    0.568    0.300
117          9 4.1e+09  +7.26e+10   -2.77e+11   1.00       +1.23e-25   +1.23e-45   +2.46e-29   0.540    0.567    0.300
118          9 2.5e+09  +5.80e+10   -1.58e+11   1.00       +5.65e-26   +5.65e-46   +1.07e-29   0.540    0.571    0.300
119          9 1.5e+09  +4.35e+10   -8.95e+10   1.00       +2.60e-26   +2.60e-46   +4.57e-30   0.542    0.581    0.300
120          9 9.1e+08  +3.03e+10   -5.07e+10   1.00       +1.19e-26   +1.19e-46   +1.91e-30   0.545    0.593    0.300
121          9 5.4e+08  +1.98e+10   -2.90e+10   1.00       +5.42e-27   +5.42e-47   +7.79e-31   0.546    0.601    0.300
122          9 3.2e+08  +1.24e+10   -1.67e+10   1.00       +2.46e-27   +2.46e-47   +3.11e-31   0.546    0.606    0.300
123          9 1.9e+08  +7.68e+09   -9.71e+09   1.00       +1.12e-27   +1.12e-47   +1.23e-31   0.546    0.609    0.300
124          9 1.1e+08  +4.69e+09   -5.67e+09   1.00       +5.08e-28   +5.08e-48   +4.80e-32   0.546    0.611    0.300
125          9 6.8e+07  +2.83e+09   -3.33e+09   1.00       +2.31e-28   +2.31e-48   +1.87e-32   0.547    0.611    0.300
126          9 4.0e+07  +1.70e+09   -1.96e+09   1.00       +1.04e-28   +1.04e-48   +7.27e-33   0.548    0.611    0.300
127          9 2.4e+07  +1.02e+09   -1.16e+09   1.00       +4.72e-29   +4.72e-49   +2.83e-33   0.548    0.609    0.300
128         10 1.4e+07  +6.09e+08   -6.89e+08   1.00       +2.13e-29   +2.13e-49   +1.11e-33   0.548    0.607    0.300
129         10 8.5e+06  +3.64e+08   -4.09e+08   1.00       +9.64e-30   +9.64e-50   +4.34e-34   0.548    0.604    0.300
130         10 5.1e+06  +2.17e+08   -2.43e+08   1.00       +4.35e-30   +4.35e-50   +1.72e-34   0.548    0.600    0.300
131         10 3.0e+06  +1.31e+08   -1.44e+08   1.00       +1.97e-30   +1.97e-50   +6.87e-35   0.546    0.593    0.300
132         10 1.8e+06  +7.91e+07   -8.54e+07   1.00       +8.94e-31   +8.94e-51   +2.80e-35   0.539    0.539    0.100
133         10 9.0e+05  +4.12e+07   -4.31e+07   1.00       +4.12e-31   +4.12e-51   +1.29e-35   0.542    0.542    0.100
134         10 4.4e+05  +2.19e+07   -2.00e+07   1.00       +1.89e-31   +1.89e-51   +5.91e-36   0.541    0.541    0.100
135         10 2.2e+05  +1.22e+07   -8.51e+06   1.00       +8.67e-32   +8.67e-52   +2.71e-36   0.558    0.558    0.100
136         10 1.0e+05  +6.93e+06   -2.79e+06   1.00       +3.83e-32   +3.83e-52   +1.20e-36   0.567    0.567    0.100
137         10 4.9e+04  +4.24e+06   -5.26e+04   1.00       +1.66e-32   +1.66e-52   +5.18e-37   0.564    0.564    0.100
138         10 2.3e+04  +2.97e+06   +1.25e+06   0.408      +7.23e-33   +7.23e-53   +2.26e-37   0.509    0.509    0.100
139         10 1.2e+04  +2.45e+06   +1.85e+06   0.139      +3.55e-33   +3.55e-53   +1.11e-37   0.412    0.412    0.100
140         10 7.7e+03  +2.29e+06   +2.19e+06   0.0218     +2.09e-33   +2.09e-53   +6.53e-38   0.325    0.325    0.151
141         10 5.8e+03  +2.30e+06   +2.45e+06   0.0313     +1.41e-33   +1.41e-53   +4.41e-38   0.266    0.266    0.286
142         10 5.0e+03  +2.38e+06   +2.67e+06   0.0575     +1.03e-33   +1.03e-53   +3.24e-38   0.240    0.240    0.442
143         10 4.6e+03  +2.51e+06   +2.91e+06   0.0729     +7.86e-34   +7.86e-54   +2.46e-38   0.217    0.217    0.593
144         10 4.5e+03  +2.67e+06   +3.14e+06   0.0820     +6.16e-34   +6.16e-54   +1.93e-38   0.202    0.202    0.703
145         10 4.6e+03  +2.84e+06   +3.39e+06   0.0873     +4.91e-34   +4.91e-54   +1.54e-38   0.195    0.195    0.779
146         11 4.7e+03  +3.03e+06   +3.64e+06   0.0904     +3.96e-34   +3.96e-54   +1.24e-38   0.191    0.191    0.830
147         11 5.0e+03  +3.24e+06   +3.90e+06   0.0924     +3.20e-34   +3.20e-54   +1.00e-38   0.190    0.190    0.866
148         11 5.3e+03  +3.47e+06   +4.19e+06   0.0938     +2.59e-34   +2.59e-54   +8.11e-39   0.189    0.189    0.892
149         11 5.6e+03  +3.71e+06   +4.49e+06   0.0947     +2.10e-34   +2.10e-54   +6.58e-39   0.189    0.189    0.910
150         11 6.0e+03  +3.98e+06   +4.82e+06   0.0955     +1.71e-34   +1.71e-54   +5.34e-39   0.189    0.189    0.921
151         11 6.4e+03  +4.26e+06   +5.17e+06   0.0960     +1.38e-34   +1.38e-54   +4.33e-39   0.189    0.189    0.928
152         11 6.8e+03  +4.57e+06   +5.55e+06   0.0964     +1.12e-34   +1.12e-54   +3.51e-39   0.190    0.190    0.932
153         11 7.3e+03  +4.90e+06   +5.95e+06   0.0967     +9.09e-35   +9.09e-55   +2.84e-39   0.190    0.190    0.934
154         11 7.8e+03  +5.26e+06   +6.39e+06   0.0969     +7.36e-35   +7.36e-55   +2.30e-39   0.190    0.190    0.935
155         11 8.4e+03  +5.64e+06   +6.85e+06   0.0970     +5.96e-35   +5.96e-55   +1.87e-39   0.189    0.189    0.935
156         11 9.0e+03  +6.05e+06   +7.35e+06   0.0971     +4.83e-35   +4.83e-55   +1.51e-39   0.189    0.189    0.935
157         11 9.6e+03  +6.49e+06   +7.89e+06   0.0971     +3.92e-35   +3.92e-55   +1.23e-39   0.189    0.189    0.936
158         11 1.0e+04  +6.96e+06   +8.46e+06   0.0972     +3.18e-35   +3.18e-55   +9.94e-40   0.190    0.190    0.936
159         11 1.1e+04  +7.46e+06   +9.07e+06   0.0972     +2.57e-35   +2.57e-55   +8.05e-40   0.190    0.190    0.937
160         11 1.2e+04  +8.01e+06   +9.73e+06   0.0972     +2.09e-35   +2.09e-55   +6.53e-40   0.190    0.190    0.937
161         11 1.3e+04  +8.59e+06   +1.04e+07   0.0972     +1.69e-35   +1.69e-55   +5.29e-40   0.190    0.190    0.937
162         11 1.4e+04  +9.21e+06   +1.12e+07   0.0972     +1.37e-35   +1.37e-55   +4.29e-40   0.190    0.190    0.938
163         11 1.5e+04  +9.88e+06   +1.20e+07   0.0972     +1.11e-35   +1.11e-55   +3.47e-40   0.190    0.190    0.938
164         12 1.6e+04  +1.06e+07   +1.29e+07   0.0972     +9.00e-36   +9.00e-56   +2.81e-40   0.190    0.190    0.938
165         12 1.7e+04  +1.14e+07   +1.38e+07   0.0972     +7.29e-36   +7.29e-56   +2.28e-40   0.190    0.190    0.938
166         12 1.8e+04  +1.22e+07   +1.48e+07   0.0972     +5.91e-36   +5.91e-56   +1.85e-40   0.190    0.190    0.938
167         12 1.9e+04  +1.31e+07   +1.59e+07   0.0972     +4.79e-36   +4.79e-56   +1.50e-40   0.189    0.189    0.938
168         12 2.1e+04  +1.40e+07   +1.70e+07   0.0972     +3.88e-36   +3.88e-56   +1.21e-40   0.189    0.189    0.938
169         12 2.2e+04  +1.50e+07   +1.83e+07   0.0971     +3.15e-36   +3.15e-56   +9.85e-41   0.189    0.189    0.938
170         12 2.4e+04  +1.61e+07   +1.96e+07   0.0971     +2.55e-36   +2.55e-56   +7.98e-41   0.189    0.189    0.938
171         12 2.6e+04  +1.73e+07   +2.10e+07   0.0971     +2.07e-36   +2.07e-56   +6.47e-41   0.189    0.189    0.938
172         12 2.7e+04  +1.85e+07   +2.25e+07   0.0971     +1.68e-36   +1.68e-56   +5.24e-41   0.189    0.189    0.938
173         12 2.9e+04  +1.99e+07   +2.42e+07   0.0971     +1.36e-36   +1.36e-56   +4.25e-41   0.189    0.189    0.938
174         12 3.2e+04  +2.13e+07   +2.59e+07   0.0971     +1.10e-36   +1.10e-56   +3.45e-41   0.189    0.189    0.938
175         12 3.4e+04  +2.29e+07   +2.78e+07   0.0971     +8.93e-37   +8.93e-57   +2.79e-41   0.189    0.189    0.938
176         13 3.6e+04  +2.45e+07   +2.98e+07   0.0971     +7.24e-37   +7.24e-57   +2.27e-41   0.189    0.189    0.938
177         13 3.9e+04  +2.63e+07   +3.20e+07   0.0971     +5.87e-37   +5.87e-57   +1.84e-41   0.189    0.189    0.938
178         13 4.2e+04  +2.82e+07   +3.43e+07   0.0971     +4.76e-37   +4.76e-57   +1.49e-41   0.189    0.189    0.938
179         13 4.5e+04  +3.03e+07   +3.68e+07   0.0971     +3.86e-37   +3.86e-57   +1.21e-41   0.189    0.189    0.938
180         13 4.8e+04  +3.25e+07   +3.94e+07   0.0971     +3.13e-37   +3.13e-57   +9.78e-42   0.189    0.189    0.938
181         13 5.1e+04  +3.48e+07   +4.23e+07   0.0971     +2.53e-37   +2.53e-57   +7.93e-42   0.189    0.189    0.938
182         14 5.5e+04  +3.73e+07   +4.54e+07   0.0971     +2.05e-37   +2.05e-57   +6.43e-42   0.189    0.189    0.938
183         14 5.9e+04  +4.00e+07   +4.87e+07   0.0971     +1.67e-37   +1.67e-57   +5.21e-42   0.189    0.189    0.938
184         14 6.4e+04  +4.30e+07   +5.22e+07   0.0971     +1.35e-37   +1.35e-57   +4.22e-42   0.189    0.189    0.938
185         14 6.8e+04  +4.61e+07   +5.60e+07   0.0971     +1.09e-37   +1.09e-57   +3.42e-42   0.189    0.189    0.938
186         14 7.3e+04  +4.94e+07   +6.00e+07   0.0971     +8.87e-38   +8.87e-58   +2.78e-42   0.189    0.189    0.938
187         14 7.8e+04  +5.30e+07   +6.44e+07   0.0971     +7.19e-38   +7.19e-58   +2.25e-42   0.189    0.189    0.938
188         14 8.4e+04  +5.68e+07   +6.91e+07   0.0971     +5.83e-38   +5.83e-58   +1.82e-42   0.189    0.189    0.938
189         14 9.0e+04  +6.10e+07   +7.41e+07   0.0971     +4.72e-38   +4.72e-58   +1.48e-42   0.189    0.189    0.938
190         14 9.7e+04  +6.54e+07   +7.94e+07   0.0971     +3.83e-38   +3.83e-58   +1.20e-42   0.189    0.189    0.938
191         14 1.0e+05  +7.01e+07   +8.52e+07   0.0971     +3.10e-38   +3.10e-58   +9.71e-43   0.189    0.189    0.938
192         14 1.1e+05  +7.52e+07   +9.14e+07   0.0971     +2.52e-38   +2.52e-58   +7.87e-43   0.189    0.189    0.938
193         14 1.2e+05  +8.06e+07   +9.80e+07   0.0971     +2.04e-38   +2.04e-58   +6.38e-43   0.189    0.189    0.938
194         14 1.3e+05  +8.65e+07   +1.05e+08   0.0971     +1.65e-38   +1.65e-58   +5.17e-43   0.189    0.189    0.938
195         14 1.4e+05  +9.28e+07   +1.13e+08   0.0971     +1.34e-38   +1.34e-58   +4.19e-43   0.189    0.189    0.938
196         14 1.5e+05  +9.95e+07   +1.21e+08   0.0971     +1.09e-38   +1.09e-58   +3.40e-43   0.189    0.189    0.938
197         14 1.6e+05  +1.07e+08   +1.30e+08   0.0971     +8.81e-39   +8.81e-59   +2.76e-43   0.189    0.189    0.938
198         14 1.7e+05  +1.14e+08   +1.39e+08   0.0971     +7.14e-39   +7.14e-59   +2.23e-43   0.189    0.189    0.938
199         14 1.8e+05  +1.23e+08   +1.49e+08   0.0971     +5.79e-39   +5.79e-59   +1.81e-43   0.189    0.189    0.938
200         14 1.9e+05  +1.32e+08   +1.60e+08   0.0971     +4.69e-39   +4.69e-59   +1.47e-43   0.189    0.189    0.938
201         14 2.1e+05  +1.41e+08   +1.72e+08   0.0971     +3.80e-39   +3.80e-59   +1.19e-43   0.189    0.189    0.938
202         15 2.2e+05  +1.51e+08   +1.84e+08   0.0971     +3.08e-39   +3.08e-59   +9.64e-44   0.189    0.189    0.938
203         15 2.4e+05  +1.62e+08   +1.97e+08   0.0971     +2.50e-39   +2.50e-59   +7.82e-44   0.189    0.189    0.938
204         15 2.6e+05  +1.74e+08   +2.12e+08   0.0971     +2.03e-39   +2.03e-59   +6.34e-44   0.189    0.189    0.938
205         15 2.8e+05  +1.87e+08   +2.27e+08   0.0971     +1.64e-39   +1.64e-59   +5.14e-44   0.189    0.189    0.938
206         15 3.0e+05  +2.00e+08   +2.43e+08   0.0971     +1.33e-39   +1.33e-59   +4.16e-44   0.189    0.189    0.938
207         15 3.2e+05  +2.15e+08   +2.61e+08   0.0971     +1.08e-39   +1.08e-59   +3.37e-44   0.189    0.189    0.938
208         15 3.4e+05  +2.30e+08   +2.80e+08   0.0971     +8.74e-40   +8.74e-60   +2.74e-44   0.189    0.189    0.938
209         15 3.7e+05  +2.47e+08   +3.00e+08   0.0971     +7.09e-40   +7.09e-60   +2.22e-44   0.189    0.189    0.938
210         15 3.9e+05  +2.65e+08   +3.22e+08   0.0971     +5.75e-40   +5.75e-60   +1.80e-44   0.189    0.189    0.938
211         15 4.2e+05  +2.84e+08   +3.45e+08   0.0971     +4.66e-40   +4.66e-60   +1.46e-44   0.189    0.189    0.938
212         15 4.5e+05  +3.05e+08   +3.70e+08   0.0971     +3.77e-40   +3.77e-60   +1.18e-44   0.189    0.189    0.938
213         15 4.8e+05  +3.27e+08   +3.97e+08   0.0971     +3.06e-40   +3.06e-60   +9.57e-45   0.189    0.189    0.938
214         15 5.2e+05  +3.51e+08   +4.26e+08   0.0971     +2.48e-40   +2.48e-60   +7.76e-45   0.189    0.189    0.938
215         15 5.6e+05  +3.76e+08   +4.57e+08   0.0971     +2.01e-40   +2.01e-60   +6.29e-45   0.189    0.189    0.938
216         15 6.0e+05  +4.03e+08   +4.90e+08   0.0971     +1.63e-40   +1.63e-60   +5.10e-45   0.189    0.189    0.938
217         15 6.4e+05  +4.33e+08   +5.26e+08   0.0971     +1.32e-40   +1.32e-60   +4.13e-45   0.189    0.189    0.938
218         15 6.9e+05  +4.64e+08   +5.64e+08   0.0971     +1.07e-40   +1.07e-60   +3.35e-45   0.189    0.189    0.938
219         15 7.4e+05  +4.98e+08   +6.05e+08   0.0971     +8.68e-41   +8.68e-61   +2.72e-45   0.189    0.189    0.938
220         15 7.9e+05  +5.34e+08   +6.49e+08   0.0971     +7.04e-41   +7.04e-61   +2.20e-45   0.189    0.189    0.938
221         16 8.5e+05  +5.72e+08   +6.96e+08   0.0971     +5.70e-41   +5.70e-61   +1.78e-45   0.189    0.189    0.938
222         16 9.1e+05  +6.14e+08   +7.46e+08   0.0971     +4.62e-41   +4.62e-61   +1.45e-45   0.189    0.189    0.938
223         16 9.7e+05  +6.58e+08   +8.00e+08   0.0971     +3.75e-41   +3.75e-61   +1.17e-45   0.189    0.189    0.938
224         16 1.0e+06  +7.06e+08   +8.58e+08   0.0971     +3.04e-41   +3.04e-61   +9.50e-46   0.189    0.189    0.938
225         16 1.1e+06  +7.57e+08   +9.20e+08   0.0971     +2.46e-41   +2.46e-61   +7.70e-46   0.189    0.189    0.938
226         16 1.2e+06  +8.12e+08   +9.87e+08   0.0971     +2.00e-41   +2.00e-61   +6.24e-46   0.189    0.189    0.938
227         16 1.3e+06  +8.71e+08   +1.06e+09   0.0971     +1.62e-41   +1.62e-61   +5.06e-46   0.189    0.189    0.938
228         16 1.4e+06  +9.34e+08   +1.14e+09   0.0971     +1.31e-41   +1.31e-61   +4.10e-46   0.189    0.189    0.938
229         16 1.5e+06  +1.00e+09   +1.22e+09   0.0971     +1.06e-41   +1.06e-61   +3.33e-46   0.189    0.189    0.938
230         16 1.6e+06  +1.07e+09   +1.31e+09   0.0971     +8.62e-42   +8.62e-62   +2.70e-46   0.189    0.189    0.938
231         16 1.7e+06  +1.15e+09   +1.40e+09   0.0971     +6.98e-42   +6.98e-62   +2.19e-46   0.189    0.189    0.938
232         16 1.8e+06  +1.24e+09   +1.50e+09   0.0971     +5.66e-42   +5.66e-62   +1.77e-46   0.189    0.189    0.938
233         16 2.0e+06  +1.33e+09   +1.61e+09   0.0971     +4.59e-42   +4.59e-62   +1.44e-46   0.189    0.189    0.938
234         16 2.1e+06  +1.42e+09   +1.73e+09   0.0971     +3.72e-42   +3.72e-62   +1.16e-46   0.189    0.189    0.938
235         16 2.3e+06  +1.53e+09   +1.85e+09   0.0971     +3.02e-42   +3.02e-62   +9.43e-47   0.189    0.189    0.938
236         16 2.4e+06  +1.64e+09   +1.99e+09   0.0971     +2.44e-42   +2.44e-62   +7.65e-47   0.189    0.189    0.938
237         16 2.6e+06  +1.75e+09   +2.13e+09   0.0971     +1.98e-42   +1.98e-62   +6.20e-47   0.189    0.189    0.938
238         16 2.8e+06  +1.88e+09   +2.29e+09   0.0971     +1.61e-42   +1.61e-62   +5.02e-47   0.189    0.189    0.938
239         16 3.0e+06  +2.02e+09   +2.45e+09   0.0971     +1.30e-42   +1.30e-62   +4.07e-47   0.189    0.189    0.938
240         17 3.2e+06  +2.16e+09   +2.63e+09   0.0971     +1.06e-42   +1.06e-62   +3.30e-47   0.189    0.189    0.938
241         17 3.4e+06  +2.32e+09   +2.82e+09   0.0971     +8.55e-43   +8.55e-63   +2.68e-47   0.189    0.189    0.938
242         17 3.7e+06  +2.49e+09   +3.02e+09   0.0971     +6.93e-43   +6.93e-63   +2.17e-47   0.189    0.189    0.938
243         17 3.9e+06  +2.67e+09   +3.24e+09   0.0971     +5.62e-43   +5.62e-63   +1.76e-47   0.189    0.189    0.938
244         17 4.2e+06  +2.86e+09   +3.48e+09   0.0971     +4.56e-43   +4.56e-63   +1.43e-47   0.189    0.189    0.938
245         17 4.5e+06  +3.07e+09   +3.73e+09   0.0971     +3.69e-43   +3.69e-63   +1.16e-47   0.189    0.189    0.938
246         17 4.9e+06  +3.29e+09   +4.00e+09   0.0971     +2.99e-43   +2.99e-63   +9.36e-48   0.189    0.189    0.938
247         17 5.2e+06  +3.53e+09   +4.29e+09   0.0971     +2.43e-43   +2.43e-63   +7.59e-48   0.189    0.189    0.938
248         17 5.6e+06  +3.79e+09   +4.60e+09   0.0971     +1.97e-43   +1.97e-63   +6.15e-48   0.189    0.189    0.938
249         17 6.0e+06  +4.06e+09   +4.94e+09   0.0971     +1.59e-43   +1.59e-63   +4.99e-48   0.189    0.189    0.938
250         17 6.4e+06  +4.36e+09   +5.30e+09   0.0971     +1.29e-43   +1.29e-63   +4.04e-48   0.189    0.189    0.938
251         17 6.9e+06  +4.67e+09   +5.68e+09   0.0971     +1.05e-43   +1.05e-63   +3.28e-48   0.189    0.189    0.938
252         17 7.4e+06  +5.01e+09   +6.09e+09   0.0971     +8.49e-44   +8.49e-64   +2.66e-48   0.189    0.189    0.938
253         17 7.9e+06  +5.38e+09   +6.53e+09   0.0971     +6.88e-44   +6.88e-64   +2.15e-48   0.189    0.189    0.938
254         17 8.5e+06  +5.77e+09   +7.01e+09   0.0971     +5.58e-44   +5.58e-64   +1.75e-48   0.189    0.189    0.938
255         17 9.1e+06  +6.18e+09   +7.51e+09   0.0971     +4.52e-44   +4.52e-64   +1.41e-48   0.189    0.189    0.938
256         17 9.8e+06  +6.63e+09   +8.06e+09   0.0971     +3.67e-44   +3.67e-64   +1.15e-48   0.189    0.189    0.938
257         17 1.1e+07  +7.11e+09   +8.64e+09   0.0971     +2.97e-44   +2.97e-64   +9.30e-49   0.189    0.189    0.938
258         17 1.1e+07  +7.63e+09   +9.27e+09   0.0971     +2.41e-44   +2.41e-64   +7.54e-49   0.189    0.189    0.938
259         18 1.2e+07  +8.18e+09   +9.94e+09   0.0971     +1.95e-44   +1.95e-64   +6.11e-49   0.189    0.189    0.938
260         18 1.3e+07  +8.78e+09   +1.07e+10   0.0971     +1.58e-44   +1.58e-64   +4.95e-49   0.189    0.189    0.938
261         18 1.4e+07  +9.41e+09   +1.14e+10   0.0971     +1.28e-44   +1.28e-64   +4.01e-49   0.189    0.189    0.938
262         18 1.5e+07  +1.01e+10   +1.23e+10   0.0971     +1.04e-44   +1.04e-64   +3.25e-49   0.189    0.189    0.938
263         18 1.6e+07  +1.08e+10   +1.32e+10   0.0971     +8.43e-45   +8.43e-65   +2.64e-49   0.189    0.189    0.938
264         18 1.7e+07  +1.16e+10   +1.41e+10   0.0971     +6.83e-45   +6.83e-65   +2.14e-49   0.189    0.189    0.938
265         18 1.8e+07  +1.25e+10   +1.51e+10   0.0971     +5.54e-45   +5.54e-65   +1.73e-49   0.189    0.189    0.938
266         18 2.0e+07  +1.34e+10   +1.62e+10   0.0971     +4.49e-45   +4.49e-65   +1.40e-49   0.189    0.189    0.938
267         18 2.1e+07  +1.43e+10   +1.74e+10   0.0971     +3.64e-45   +3.64e-65   +1.14e-49   0.189    0.189    0.938
268         18 2.3e+07  +1.54e+10   +1.87e+10   0.0971     +2.95e-45   +2.95e-65   +9.23e-50   0.189    0.189    0.938
269         18 2.4e+07  +1.65e+10   +2.00e+10   0.0971     +2.39e-45   +2.39e-65   +7.48e-50   0.189    0.189    0.938
270         18 2.6e+07  +1.77e+10   +2.15e+10   0.0971     +1.94e-45   +1.94e-65   +6.06e-50   0.189    0.189    0.938
271         18 2.8e+07  +1.90e+10   +2.30e+10   0.0971     +1.57e-45   +1.57e-65   +4.91e-50   0.189    0.189    0.938
272         18 3.0e+07  +2.03e+10   +2.47e+10   0.0971     +1.27e-45   +1.27e-65   +3.98e-50   0.189    0.189    0.938
273         18 3.2e+07  +2.18e+10   +2.65e+10   0.0971     +1.03e-45   +1.03e-65   +3.23e-50   0.189    0.189    0.938
274         18 3.5e+07  +2.34e+10   +2.84e+10   0.0971     +8.37e-46   +8.37e-66   +2.62e-50   0.189    0.189    0.938
275         18 3.7e+07  +2.51e+10   +3.05e+10   0.0971     +6.78e-46   +6.78e-66   +2.12e-50   0.189    0.189    0.938
276         18 4.0e+07  +2.69e+10   +3.27e+10   0.0971     +5.50e-46   +5.50e-66   +1.72e-50   0.189    0.189    0.938
277         18 4.3e+07  +2.88e+10   +3.51e+10   0.0971     +4.46e-46   +4.46e-66   +1.39e-50   0.189    0.189    0.938
278         18 4.6e+07  +3.09e+10   +3.76e+10   0.0971     +3.61e-46   +3.61e-66   +1.13e-50   0.189    0.189    0.938
279         19 4.9e+07  +3.32e+10   +4.03e+10   0.0971     +2.93e-46   +2.93e-66   +9.16e-51   0.189    0.189    0.938
280         19 5.3e+07  +3.56e+10   +4.32e+10   0.0971     +2.37e-46   +2.37e-66   +7.43e-51   0.189    0.189    0.938
281         19 5.6e+07  +3.82e+10   +4.64e+10   0.0971     +1.92e-46   +1.92e-66   +6.02e-51   0.189    0.189    0.938
282         19 6.1e+07  +4.09e+10   +4.97e+10   0.0971     +1.56e-46   +1.56e-66   +4.88e-51   0.189    0.189    0.938
283         19 6.5e+07  +4.39e+10   +5.33e+10   0.0971     +1.26e-46   +1.26e-66   +3.95e-51   0.189    0.189    0.938
284         19 7.0e+07  +4.71e+10   +5.72e+10   0.0971     +1.02e-46   +1.02e-66   +3.21e-51   0.189    0.189    0.938
285         19 7.5e+07  +5.05e+10   +6.14e+10   0.0971     +8.31e-47   +8.31e-67   +2.60e-51   0.189    0.189    0.938
286         19 8.0e+07  +5.42e+10   +6.58e+10   0.0971     +6.73e-47   +6.73e-67   +2.11e-51   0.189    0.189    0.938
287         19 8.6e+07  +5.81e+10   +7.06e+10   0.0971     +5.46e-47   +5.46e-67   +1.71e-51   0.189    0.189    0.938
288         19 9.2e+07  +6.23e+10   +7.57e+10   0.0971     +4.42e-47   +4.42e-67   +1.38e-51   0.189    0.189    0.938
289         19 9.9e+07  +6.68e+10   +8.12e+10   0.0971     +3.59e-47   +3.59e-67   +1.12e-51   0.189    0.189    0.938
290         19 1.1e+08  +7.17e+10   +8.71e+10   0.0971     +2.91e-47   +2.91e-67   +9.09e-52   0.189    0.189    0.938
291         19 1.1e+08  +7.69e+10   +9.34e+10   0.0971     +2.36e-47   +2.36e-67   +7.37e-52   0.189    0.189    0.938
292         19 1.2e+08  +8.24e+10   +1.00e+11   0.0971     +1.91e-47   +1.91e-67   +5.97e-52   0.189    0.189    0.938
293         19 1.3e+08  +8.84e+10   +1.07e+11   0.0971     +1.55e-47   +1.55e-67   +4.84e-52   0.189    0.189    0.938
294         19 1.4e+08  +9.48e+10   +1.15e+11   0.0971     +1.25e-47   +1.25e-67   +3.93e-52   0.189    0.189    0.938
295         19 1.5e+08  +1.02e+11   +1.24e+11   0.0971     +1.02e-47   +1.02e-67   +3.18e-52   0.189    0.189    0.938
296         19 1.6e+08  +1.09e+11   +1.33e+11   0.0971     +8.24e-48   +8.24e-68   +2.58e-52   0.189    0.189    0.938
297         19 1.7e+08  +1.17e+11   +1.42e+11   0.0971     +6.68e-48   +6.68e-68   +2.09e-52   0.189    0.189    0.938
298         19 1.9e+08  +1.25e+11   +1.52e+11   0.0971     +5.42e-48   +5.42e-68   +1.69e-52   0.189    0.189    0.938
299         20 2.0e+08  +1.35e+11   +1.63e+11   0.0971     +4.39e-48   +4.39e-68   +1.37e-52   0.189    0.189    0.938
300         20 2.1e+08  +1.44e+11   +1.75e+11   0.0971     +3.56e-48   +3.56e-68   +1.11e-52   0.189    0.189    0.938
301         20 2.3e+08  +1.55e+11   +1.88e+11   0.0971     +2.89e-48   +2.89e-68   +9.03e-53   0.189    0.189    0.938
302         20 2.5e+08  +1.66e+11   +2.02e+11   0.0971     +2.34e-48   +2.34e-68   +7.32e-53   0.189    0.189    0.938
303         20 2.6e+08  +1.78e+11   +2.16e+11   0.0971     +1.90e-48   +1.90e-68   +5.93e-53   0.189    0.189    0.938
304         20 2.8e+08  +1.91e+11   +2.32e+11   0.0971     +1.54e-48   +1.54e-68   +4.81e-53   0.189    0.189    0.938
305         20 3.0e+08  +2.05e+11   +2.49e+11   0.0971     +1.25e-48   +1.25e-68   +3.90e-53   0.189    0.189    0.938
306         20 3.2e+08  +2.20e+11   +2.67e+11   0.0971     +1.01e-48   +1.01e-68   +3.16e-53   0.189    0.189    0.938
307         20 3.5e+08  +2.36e+11   +2.86e+11   0.0971     +8.18e-49   +8.18e-69   +2.56e-53   0.189    0.189    0.938
308         20 3.7e+08  +2.53e+11   +3.07e+11   0.0971     +6.63e-49   +6.63e-69   +2.08e-53   0.189    0.189    0.938
309         20 4.0e+08  +2.71e+11   +3.29e+11   0.0971     +5.38e-49   +5.38e-69   +1.68e-53   0.189    0.189    0.938
310         20 4.3e+08  +2.91e+11   +3.53e+11   0.0971     +4.36e-49   +4.36e-69   +1.36e-53   0.189    0.189    0.938
311         20 4.6e+08  +3.12e+11   +3.79e+11   0.0971     +3.53e-49   +3.53e-69   +1.11e-53   0.189    0.189    0.938
312         20 4.9e+08  +3.34e+11   +4.06e+11   0.0971     +2.86e-49   +2.86e-69   +8.96e-54   0.189    0.189    0.938
313         20 5.3e+08  +3.58e+11   +4.36e+11   0.0971     +2.32e-49   +2.32e-69   +7.26e-54   0.189    0.189    0.938
314         20 5.7e+08  +3.84e+11   +4.67e+11   0.0971     +1.88e-49   +1.88e-69   +5.89e-54   0.189    0.189    0.938
315         20 6.1e+08  +4.12e+11   +5.01e+11   0.0971     +1.53e-49   +1.53e-69   +4.77e-54   0.189    0.189    0.938
316         20 6.5e+08  +4.42e+11   +5.37e+11   0.0971     +1.24e-49   +1.24e-69   +3.87e-54   0.189    0.189    0.938
317         20 7.0e+08  +4.74e+11   +5.76e+11   0.0971     +1.00e-49   +1.00e-69   +3.14e-54   0.189    0.189    0.938
318         20 7.5e+08  +5.09e+11   +6.18e+11   0.0971     +8.12e-50   +8.12e-70   +2.54e-54   0.189    0.189    0.938
319         21 8.1e+08  +5.46e+11   +6.63e+11   0.0971     +6.58e-50   +6.58e-70   +2.06e-54   0.189    0.189    0.938
320         21 8.7e+08  +5.85e+11   +7.11e+11   0.0971     +5.34e-50   +5.34e-70   +1.67e-54   0.189    0.189    0.938
321         21 9.3e+08  +6.28e+11   +7.63e+11   0.0971     +4.33e-50   +4.33e-70   +1.35e-54   0.189    0.189    0.938
322         21 1.0e+09  +6.73e+11   +8.18e+11   0.0971     +3.51e-50   +3.51e-70   +1.10e-54   0.189    0.189    0.938
323         21 1.1e+09  +7.22e+11   +8.77e+11   0.0971     +2.84e-50   +2.84e-70   +8.89e-55   0.189    0.189    0.938
324         21 1.1e+09  +7.74e+11   +9.41e+11   0.0971     +2.30e-50   +2.30e-70   +7.21e-55   0.189    0.189    0.938
325         21 1.2e+09  +8.30e+11   +1.01e+12   0.0971     +1.87e-50   +1.87e-70   +5.84e-55   0.189    0.189    0.938
326         21 1.3e+09  +8.91e+11   +1.08e+12   0.0971     +1.51e-50   +1.51e-70   +4.74e-55   0.189    0.189    0.938
327         21 1.4e+09  +9.55e+11   +1.16e+12   0.0971     +1.23e-50   +1.23e-70   +3.84e-55   0.189    0.189    0.938
328         21 1.5e+09  +1.02e+12   +1.24e+12   0.0971     +9.95e-51   +9.95e-71   +3.11e-55   0.189    0.189    0.938
329         21 1.6e+09  +1.10e+12   +1.34e+12   0.0971     +8.06e-51   +8.06e-71   +2.52e-55   0.189    0.189    0.938
330         21 1.7e+09  +1.18e+12   +1.43e+12   0.0971     +6.54e-51   +6.54e-71   +2.04e-55   0.189    0.189    0.938
331         21 1.9e+09  +1.26e+12   +1.54e+12   0.0971     +5.30e-51   +5.30e-71   +1.66e-55   0.189    0.189    0.938
332         21 2.0e+09  +1.36e+12   +1.65e+12   0.0971     +4.29e-51   +4.29e-71   +1.34e-55   0.189    0.189    0.938
333         21 2.1e+09  +1.45e+12   +1.77e+12   0.0971     +3.48e-51   +3.48e-71   +1.09e-55   0.189    0.189    0.938
334         21 2.3e+09  +1.56e+12   +1.89e+12   0.0971     +2.82e-51   +2.82e-71   +8.83e-56   0.189    0.189    0.938
335         21 2.5e+09  +1.67e+12   +2.03e+12   0.0971     +2.29e-51   +2.29e-71   +7.16e-56   0.189    0.189    0.938
336         21 2.7e+09  +1.79e+12   +2.18e+12   0.0971     +1.85e-51   +1.85e-71   +5.80e-56   0.189    0.189    0.938
337         21 2.8e+09  +1.92e+12   +2.34e+12   0.0971     +1.50e-51   +1.50e-71   +4.70e-56   0.189    0.189    0.938
338         22 3.1e+09  +2.06e+12   +2.51e+12   0.0971     +1.22e-51   +1.22e-71   +3.81e-56   0.189    0.189    0.938
339         22 3.3e+09  +2.21e+12   +2.69e+12   0.0971     +9.87e-52   +9.87e-72   +3.09e-56   0.189    0.189    0.938
340         22 3.5e+09  +2.37e+12   +2.88e+12   0.0971     +8.00e-52   +8.00e-72   +2.50e-56   0.189    0.189    0.938
341         22 3.8e+09  +2.54e+12   +3.09e+12   0.0971     +6.49e-52   +6.49e-72   +2.03e-56   0.189    0.189    0.938
342         22 4.0e+09  +2.73e+12   +3.32e+12   0.0971     +5.26e-52   +5.26e-72   +1.65e-56   0.189    0.189    0.938
343         22 4.3e+09  +2.93e+12   +3.56e+12   0.0971     +4.26e-52   +4.26e-72   +1.33e-56   0.189    0.189    0.938
344         22 4.6e+09  +3.14e+12   +3.82e+12   0.0971     +3.46e-52   +3.46e-72   +1.08e-56   0.189    0.189    0.938
345         22 5.0e+09  +3.37e+12   +4.09e+12   0.0971     +2.80e-52   +2.80e-72   +8.76e-57   0.189    0.189    0.938
346         22 5.3e+09  +3.61e+12   +4.39e+12   0.0971     +2.27e-52   +2.27e-72   +7.10e-57   0.189    0.189    0.938
347         22 5.7e+09  +3.87e+12   +4.71e+12   0.0971     +1.84e-52   +1.84e-72   +5.76e-57   0.189    0.189    0.938
348         22 6.1e+09  +4.15e+12   +5.05e+12   0.0971     +1.49e-52   +1.49e-72   +4.67e-57   0.189    0.189    0.938
349         22 6.6e+09  +4.46e+12   +5.41e+12   0.0971     +1.21e-52   +1.21e-72   +3.78e-57   0.189    0.189    0.938
350         22 7.1e+09  +4.78e+12   +5.81e+12   0.0971     +9.80e-53   +9.80e-73   +3.07e-57   0.189    0.189    0.938
351         22 7.6e+09  +5.12e+12   +6.23e+12   0.0971     +7.95e-53   +7.95e-73   +2.49e-57   0.189    0.189    0.938
352         22 8.1e+09  +5.50e+12   +6.68e+12   0.0971     +6.44e-53   +6.44e-73   +2.01e-57   0.189    0.189    0.938
353         22 8.7e+09  +5.89e+12   +7.16e+12   0.0971     +5.22e-53   +5.22e-73   +1.63e-57   0.189    0.189    0.938
354         22 9.3e+09  +6.32e+12   +7.68e+12   0.0971     +4.23e-53   +4.23e-73   +1.32e-57   0.189    0.189    0.938
355         22 1.0e+10  +6.78e+12   +8.24e+12   0.0971     +3.43e-53   +3.43e-73   +1.07e-57   0.189    0.189    0.938
356         23 1.1e+10  +7.27e+12   +8.84e+12   0.0971     +2.78e-53   +2.78e-73   +8.70e-58   0.189    0.189    0.938
357         23 1.2e+10  +7.80e+12   +9.48e+12   0.0971     +2.25e-53   +2.25e-73   +7.05e-58   0.189    0.189    0.938
358         23 1.2e+10  +8.37e+12   +1.02e+13   0.0971     +1.83e-53   +1.83e-73   +5.72e-58   0.189    0.189    0.938
359         23 1.3e+10  +8.97e+12   +1.09e+13   0.0971     +1.48e-53   +1.48e-73   +4.63e-58   0.189    0.189    0.938
360         23 1.4e+10  +9.62e+12   +1.17e+13   0.0971     +1.20e-53   +1.20e-73   +3.76e-58   0.189    0.189    0.938
361         23 1.5e+10  +1.03e+13   +1.25e+13   0.0971     +9.73e-54   +9.73e-74   +3.04e-58   0.189    0.189    0.938
362         23 1.6e+10  +1.11e+13   +1.34e+13   0.0971     +7.89e-54   +7.89e-74   +2.47e-58   0.189    0.189    0.938
363         23 1.8e+10  +1.19e+13   +1.44e+13   0.0971     +6.39e-54   +6.39e-74   +2.00e-58   0.189    0.189    0.938
364         23 1.9e+10  +1.27e+13   +1.55e+13   0.0971     +5.18e-54   +5.18e-74   +1.62e-58   0.189    0.189    0.938
365         23 2.0e+10  +1.37e+13   +1.66e+13   0.0971     +4.20e-54   +4.20e-74   +1.31e-58   0.189    0.189    0.938
366         23 2.2e+10  +1.46e+13   +1.78e+13   0.0971     +3.41e-54   +3.41e-74   +1.07e-58   0.189    0.189    0.938
367         23 2.3e+10  +1.57e+13   +1.91e+13   0.0971     +2.76e-54   +2.76e-74   +8.63e-59   0.189    0.189    0.938
368         23 2.5e+10  +1.68e+13   +2.05e+13   0.0971     +2.24e-54   +2.24e-74   +7.00e-59   0.189    0.189    0.938
369         23 2.7e+10  +1.81e+13   +2.20e+13   0.0971     +1.81e-54   +1.81e-74   +5.67e-59   0.189    0.189    0.938
370         23 2.9e+10  +1.94e+13   +2.35e+13   0.0971     +1.47e-54   +1.47e-74   +4.60e-59   0.189    0.189    0.938
371         23 3.1e+10  +2.08e+13   +2.53e+13   0.0971     +1.19e-54   +1.19e-74   +3.73e-59   0.189    0.189    0.938
372         23 3.3e+10  +2.23e+13   +2.71e+13   0.0971     +9.66e-55   +9.66e-75   +3.02e-59   0.189    0.189    0.938
373         23 3.5e+10  +2.39e+13   +2.90e+13   0.0971     +7.83e-55   +7.83e-75   +2.45e-59   0.189    0.189    0.938
374         23 3.8e+10  +2.56e+13   +3.12e+13   0.0971     +6.35e-55   +6.35e-75   +1.99e-59   0.189    0.189    0.938
375         24 4.1e+10  +2.75e+13   +3.34e+13   0.0971     +5.14e-55   +5.14e-75   +1.61e-59   0.189    0.189    0.938
376         24 4.4e+10  +2.95e+13   +3.58e+13   0.0971     +4.17e-55   +4.17e-75   +1.30e-59   0.189    0.189    0.938
377         24 4.7e+10  +3.16e+13   +3.84e+13   0.0971     +3.38e-55   +3.38e-75   +1.06e-59   0.189    0.189    0.938
378         24 5.0e+10  +3.39e+13   +4.12e+13   0.0971     +2.74e-55   +2.74e-75   +8.57e-60   0.189    0.189    0.938
379         24 5.4e+10  +3.64e+13   +4.42e+13   0.0971     +2.22e-55   +2.22e-75   +6.95e-60   0.189    0.189    0.938
380         24 5.8e+10  +3.90e+13   +4.74e+13   0.0971     +1.80e-55   +1.80e-75   +5.63e-60   0.189    0.189    0.938
381         24 6.2e+10  +4.18e+13   +5.09e+13   0.0971     +1.46e-55   +1.46e-75   +4.57e-60   0.189    0.189    0.938
382         24 6.6e+10  +4.49e+13   +5.45e+13   0.0971     +1.18e-55   +1.18e-75   +3.70e-60   0.189    0.189    0.938
383         24 7.1e+10  +4.81e+13   +5.85e+13   0.0971     +9.59e-56   +9.59e-76   +3.00e-60   0.189    0.189    0.938
384         24 7.6e+10  +5.16e+13   +6.27e+13   0.0971     +7.77e-56   +7.77e-76   +2.43e-60   0.189    0.189    0.938
385         24 8.2e+10  +5.54e+13   +6.73e+13   0.0971     +6.30e-56   +6.30e-76   +1.97e-60   0.189    0.189    0.938
386         24 8.8e+10  +5.94e+13   +7.22e+13   0.0971     +5.11e-56   +5.11e-76   +1.60e-60   0.189    0.189    0.938
387         24 9.4e+10  +6.37e+13   +7.74e+13   0.0971     +4.14e-56   +4.14e-76   +1.29e-60   0.189    0.189    0.938
388         24 1.0e+11  +6.83e+13   +8.30e+13   0.0971     +3.36e-56   +3.36e-76   +1.05e-60   0.189    0.189    0.938
389         24 1.1e+11  +7.33e+13   +8.90e+13   0.0971     +2.72e-56   +2.72e-76   +8.51e-61   0.189    0.189    0.938
390         24 1.2e+11  +7.86e+13   +9.55e+13   0.0971     +2.20e-56   +2.20e-76   +6.90e-61   0.189    0.189    0.938
391         24 1.2e+11  +8.43e+13   +1.02e+14   0.0971     +1.79e-56   +1.79e-76   +5.59e-61   0.189    0.189    0.938
392         24 1.3e+11  +9.04e+13   +1.10e+14   0.0971     +1.45e-56   +1.45e-76   +4.53e-61   0.189    0.189    0.938
393         24 1.4e+11  +9.69e+13   +1.18e+14   0.0971     +1.17e-56   +1.17e-76   +3.67e-61   0.189    0.189    0.938
394         25 1.5e+11  +1.04e+14   +1.26e+14   0.0971     +9.52e-57   +9.52e-77   +2.98e-61   0.189    0.189    0.938
395         25 1.6e+11  +1.12e+14   +1.35e+14   0.0971     +7.71e-57   +7.71e-77   +2.41e-61   0.189    0.189    0.938
396         25 1.8e+11  +1.20e+14   +1.45e+14   0.0971     +6.25e-57   +6.25e-77   +1.96e-61   0.189    0.189    0.938
397         25 1.9e+11  +1.28e+14   +1.56e+14   0.0971     +5.07e-57   +5.07e-77   +1.59e-61   0.189    0.189    0.938
398         25 2.0e+11  +1.38e+14   +1.67e+14   0.0971     +4.11e-57   +4.11e-77   +1.29e-61   0.189    0.189    0.938
399         25 2.2e+11  +1.48e+14   +1.79e+14   0.0971     +3.33e-57   +3.33e-77   +1.04e-61   0.189    0.189    0.938
400         25 2.3e+11  +1.58e+14   +1.92e+14   0.0971     +2.70e-57   +2.70e-77   +8.45e-62   0.189    0.189    0.938
401         25 2.5e+11  +1.70e+14   +2.06e+14   0.0971     +2.19e-57   +2.19e-77   +6.85e-62   0.189    0.189    0.938
402         25 2.7e+11  +1.82e+14   +2.21e+14   0.0971     +1.77e-57   +1.77e-77   +5.55e-62   0.189    0.189    0.938
403         25 2.9e+11  +1.95e+14   +2.37e+14   0.0971     +1.44e-57   +1.44e-77   +4.50e-62   0.189    0.189    0.938
404         25 3.1e+11  +2.09e+14   +2.54e+14   0.0971     +1.17e-57   +1.17e-77   +3.65e-62   0.189    0.189    0.938
405         25 3.3e+11  +2.25e+14   +2.73e+14   0.0971     +9.45e-58   +9.45e-78   +2.96e-62   0.189    0.189    0.938
406         25 3.6e+11  +2.41e+14   +2.93e+14   0.0971     +7.66e-58   +7.66e-78   +2.40e-62   0.189    0.189    0.938
407         25 3.8e+11  +2.58e+14   +3.14e+14   0.0971     +6.21e-58   +6.21e-78   +1.94e-62   0.189    0.189    0.938
408         25 4.1e+11  +2.77e+14   +3.37e+14   0.0971     +5.03e-58   +5.03e-78   +1.57e-62   0.189    0.189    0.938
409         25 4.4e+11  +2.97e+14   +3.61e+14   0.0971     +4.08e-58   +4.08e-78   +1.28e-62   0.189    0.189    0.938
410         25 4.7e+11  +3.19e+14   +3.87e+14   0.0971     +3.31e-58   +3.31e-78   +1.03e-62   0.189    0.189    0.938
411         25 5.1e+11  +3.42e+14   +4.15e+14   0.0971     +2.68e-58   +2.68e-78   +8.38e-63   0.189    0.189    0.938
412         25 5.4e+11  +3.67e+14   +4.45e+14   0.0971     +2.17e-58   +2.17e-78   +6.80e-63   0.189    0.189    0.938
413         25 5.8e+11  +3.93e+14   +4.78e+14   0.0971     +1.76e-58   +1.76e-78   +5.51e-63   0.189    0.189    0.938
414         26 6.2e+11  +4.22e+14   +5.12e+14   0.0971     +1.43e-58   +1.43e-78   +4.47e-63   0.189    0.189    0.938
415         26 6.7e+11  +4.52e+14   +5.49e+14   0.0971     +1.16e-58   +1.16e-78   +3.62e-63   0.189    0.189    0.938
416         26 7.2e+11  +4.85e+14   +5.89e+14   0.0971     +9.38e-59   +9.38e-79   +2.93e-63   0.189    0.189    0.938
417         26 7.7e+11  +5.20e+14   +6.32e+14   0.0971     +7.60e-59   +7.60e-79   +2.38e-63   0.189    0.189    0.938
418         26 8.2e+11  +5.58e+14   +6.78e+14   0.0971     +6.16e-59   +6.16e-79   +1.93e-63   0.189    0.189    0.938
419         26 8.8e+11  +5.98e+14   +7.27e+14   0.0971     +4.99e-59   +4.99e-79   +1.56e-63   0.189    0.189    0.938
420         26 9.5e+11  +6.42e+14   +7.80e+14   0.0971     +4.05e-59   +4.05e-79   +1.27e-63   0.189    0.189    0.938
421         26 1.0e+12  +6.88e+14   +8.36e+14   0.0971     +3.28e-59   +3.28e-79   +1.03e-63   0.189    0.189    0.938
422         26 1.1e+12  +7.38e+14   +8.97e+14   0.0971     +2.66e-59   +2.66e-79   +8.32e-64   0.189    0.189    0.938
423         26 1.2e+12  +7.92e+14   +9.62e+14   0.0971     +2.16e-59   +2.16e-79   +6.75e-64   0.189    0.189    0.938
424         26 1.3e+12  +8.49e+14   +1.03e+15   0.0971     +1.75e-59   +1.75e-79   +5.47e-64   0.189    0.189    0.938
425         26 1.3e+12  +9.11e+14   +1.11e+15   0.0971     +1.42e-59   +1.42e-79   +4.43e-64   0.189    0.189    0.938
426         26 1.4e+12  +9.77e+14   +1.19e+15   0.0971     +1.15e-59   +1.15e-79   +3.59e-64   0.189    0.189    0.938
427         26 1.5e+12  +1.05e+15   +1.27e+15   0.0971     +9.31e-60   +9.31e-80   +2.91e-64   0.189    0.189    0.938
428         26 1.7e+12  +1.12e+15   +1.37e+15   0.0971     +7.55e-60   +7.55e-80   +2.36e-64   0.189    0.189    0.938
429         26 1.8e+12  +1.20e+15   +1.46e+15   0.0971     +6.12e-60   +6.12e-80   +1.91e-64   0.189    0.189    0.938
430         26 1.9e+12  +1.29e+15   +1.57e+15   0.0971     +4.96e-60   +4.96e-80   +1.55e-64   0.189    0.189    0.938
431         26 2.0e+12  +1.39e+15   +1.68e+15   0.0971     +4.02e-60   +4.02e-80   +1.26e-64   0.189    0.189    0.938
432         26 2.2e+12  +1.49e+15   +1.81e+15   0.0971     +3.26e-60   +3.26e-80   +1.02e-64   0.189    0.189    0.938
433         27 2.4e+12  +1.59e+15   +1.94e+15   0.0971     +2.64e-60   +2.64e-80   +8.26e-65   0.189    0.189    0.938
434         27 2.5e+12  +1.71e+15   +2.08e+15   0.0971     +2.14e-60   +2.14e-80   +6.70e-65   0.189    0.189    0.938
435         27 2.7e+12  +1.83e+15   +2.23e+15   0.0971     +1.73e-60   +1.73e-80   +5.43e-65   0.189    0.189    0.938
436         27 2.9e+12  +1.97e+15   +2.39e+15   0.0971     +1.41e-60   +1.41e-80   +4.40e-65   0.189    0.189    0.938
437         27 3.1e+12  +2.11e+15   +2.56e+15   0.0971     +1.14e-60   +1.14e-80   +3.57e-65   0.189    0.189    0.938
438         27 3.3e+12  +2.26e+15   +2.75e+15   0.0971     +9.24e-61   +9.24e-81   +2.89e-65   0.189    0.189    0.938
439         27 3.6e+12  +2.43e+15   +2.95e+15   0.0971     +7.49e-61   +7.49e-81   +2.34e-65   0.189    0.189    0.938
440         27 3.8e+12  +2.60e+15   +3.16e+15   0.0971     +6.07e-61   +6.07e-81   +1.90e-65   0.189    0.189    0.938
441         27 4.1e+12  +2.79e+15   +3.39e+15   0.0971     +4.92e-61   +4.92e-81   +1.54e-65   0.189    0.189    0.938
442         27 4.4e+12  +2.99e+15   +3.64e+15   0.0971     +3.99e-61   +3.99e-81   +1.25e-65   0.189    0.189    0.938
443         27 4.7e+12  +3.21e+15   +3.90e+15   0.0971     +3.23e-61   +3.23e-81   +1.01e-65   0.189    0.189    0.938
444         27 5.1e+12  +3.44e+15   +4.18e+15   0.0971     +2.62e-61   +2.62e-81   +8.20e-66   0.189    0.189    0.938
445         27 5.5e+12  +3.69e+15   +4.49e+15   0.0971     +2.12e-61   +2.12e-81   +6.65e-66   0.189    0.189    0.938
446         27 5.9e+12  +3.96e+15   +4.81e+15   0.0971     +1.72e-61   +1.72e-81   +5.39e-66   0.189    0.189    0.938
447         27 6.3e+12  +4.25e+15   +5.16e+15   0.0971     +1.40e-61   +1.40e-81   +4.37e-66   0.189    0.189    0.938
448         27 6.7e+12  +4.56e+15   +5.54e+15   0.0971     +1.13e-61   +1.13e-81   +3.54e-66   0.189    0.189    0.938
449         27 7.2e+12  +4.89e+15   +5.94e+15   0.0971     +9.17e-62   +9.17e-82   +2.87e-66   0.189    0.189    0.938
450         28 7.7e+12  +5.24e+15   +6.37e+15   0.0971     +7.43e-62   +7.43e-82   +2.33e-66   0.189    0.189    0.938
451         28 8.3e+12  +5.62e+15   +6.83e+15   0.0971     +6.03e-62   +6.03e-82   +1.89e-66   0.189    0.189    0.938
452         28 8.9e+12  +6.03e+15   +7.32e+15   0.0971     +4.89e-62   +4.89e-82   +1.53e-66   0.189    0.189    0.938
453         28 9.6e+12  +6.46e+15   +7.85e+15   0.0971     +3.96e-62   +3.96e-82   +1.24e-66   0.189    0.189    0.938
454         28 1.0e+13  +6.93e+15   +8.42e+15   0.0971     +3.21e-62   +3.21e-82   +1.00e-66   0.189    0.189    0.938
455         28 1.1e+13  +7.44e+15   +9.04e+15   0.0971     +2.60e-62   +2.60e-82   +8.14e-67   0.189    0.189    0.938
456         28 1.2e+13  +7.97e+15   +9.69e+15   0.0971     +2.11e-62   +2.11e-82   +6.60e-67   0.189    0.189    0.938
457         28 1.3e+13  +8.55e+15   +1.04e+16   0.0971     +1.71e-62   +1.71e-82   +5.35e-67   0.189    0.189    0.938
458         28 1.4e+13  +9.17e+15   +1.11e+16   0.0971     +1.39e-62   +1.39e-82   +4.34e-67   0.189    0.189    0.938
459         28 1.5e+13  +9.84e+15   +1.20e+16   0.0971     +1.12e-62   +1.12e-82   +3.51e-67   0.189    0.189    0.938
460         28 1.6e+13  +1.06e+16   +1.28e+16   0.0971     +9.10e-63   +9.10e-83   +2.85e-67   0.189    0.189    0.938
461         28 1.7e+13  +1.13e+16   +1.38e+16   0.0971     +7.38e-63   +7.38e-83   +2.31e-67   0.189    0.189    0.938
462         28 1.8e+13  +1.21e+16   +1.47e+16   0.0971     +5.98e-63   +5.98e-83   +1.87e-67   0.189    0.189    0.938
463         28 1.9e+13  +1.30e+16   +1.58e+16   0.0971     +4.85e-63   +4.85e-83   +1.52e-67   0.189    0.189    0.938
464         28 2.1e+13  +1.40e+16   +1.70e+16   0.0971     +3.93e-63   +3.93e-83   +1.23e-67   0.189    0.189    0.938
465         28 2.2e+13  +1.50e+16   +1.82e+16   0.0971     +3.19e-63   +3.19e-83   +9.97e-68   0.189    0.189    0.938
466         28 2.4e+13  +1.61e+16   +1.95e+16   0.0971     +2.58e-63   +2.58e-83   +8.08e-68   0.189    0.189    0.938
467         28 2.5e+13  +1.72e+16   +2.09e+16   0.0971     +2.09e-63   +2.09e-83   +6.55e-68   0.189    0.189    0.938
468         28 2.7e+13  +1.85e+16   +2.24e+16   0.0971     +1.70e-63   +1.70e-83   +5.31e-68   0.189    0.189    0.938
469         29 2.9e+13  +1.98e+16   +2.41e+16   0.0971     +1.38e-63   +1.38e-83   +4.30e-68   0.189    0.189    0.938
470         29 3.1e+13  +2.12e+16   +2.58e+16   0.0971     +1.11e-63   +1.11e-83   +3.49e-68   0.189    0.189    0.938
471         29 3.4e+13  +2.28e+16   +2.77e+16   0.0971     +9.04e-64   +9.04e-84   +2.83e-68   0.189    0.189    0.938
472         29 3.6e+13  +2.44e+16   +2.97e+16   0.0971     +7.33e-64   +7.33e-84   +2.29e-68   0.189    0.189    0.938
473         29 3.9e+13  +2.62e+16   +3.19e+16   0.0971     +5.94e-64   +5.94e-84   +1.86e-68   0.189    0.189    0.938
474         29 4.2e+13  +2.81e+16   +3.42e+16   0.0971     +4.81e-64   +4.81e-84   +1.51e-68   0.189    0.189    0.938
475         29 4.5e+13  +3.02e+16   +3.66e+16   0.0971     +3.90e-64   +3.90e-84   +1.22e-68   0.189    0.189    0.938
476         29 4.8e+13  +3.23e+16   +3.93e+16   0.0971     +3.16e-64   +3.16e-84   +9.89e-69   0.189    0.189    0.938
477         29 5.1e+13  +3.47e+16   +4.21e+16   0.0971     +2.56e-64   +2.56e-84   +8.02e-69   0.189    0.189    0.938
478         29 5.5e+13  +3.72e+16   +4.52e+16   0.0971     +2.08e-64   +2.08e-84   +6.50e-69   0.189    0.189    0.938
479         29 5.9e+13  +3.99e+16   +4.85e+16   0.0971     +1.68e-64   +1.68e-84   +5.27e-69   0.189    0.189    0.938
480         29 6.3e+13  +4.28e+16   +5.20e+16   0.0971     +1.37e-64   +1.37e-84   +4.27e-69   0.189    0.189    0.938
481         29 6.8e+13  +4.59e+16   +5.58e+16   0.0971     +1.11e-64   +1.11e-84   +3.46e-69   0.189    0.189    0.938
482         29 7.3e+13  +4.92e+16   +5.98e+16   0.0971     +8.97e-65   +8.97e-85   +2.81e-69   0.189    0.189    0.938
483         29 7.8e+13  +5.28e+16   +6.41e+16   0.0971     +7.27e-65   +7.27e-85   +2.28e-69   0.189    0.189    0.938
484         29 8.4e+13  +5.66e+16   +6.88e+16   0.0971     +5.89e-65   +5.89e-85   +1.84e-69   0.189    0.189    0.938
485         29 9.0e+13  +6.07e+16   +7.38e+16   0.0971     +4.78e-65   +4.78e-85   +1.49e-69   0.189    0.189    0.938
486         29 9.6e+13  +6.51e+16   +7.91e+16   0.0971     +3.87e-65   +3.87e-85   +1.21e-69   0.189    0.189    0.938
487         29 1.0e+14  +6.98e+16   +8.49e+16   0.0971     +3.14e-65   +3.14e-85   +9.82e-70   0.189    0.189    0.938
488         30 1.1e+14  +7.49e+16   +9.10e+16   0.0971     +2.54e-65   +2.54e-85   +7.96e-70   0.189    0.189    0.938
489         30 1.2e+14  +8.03e+16   +9.76e+16   0.0971     +2.06e-65   +2.06e-85   +6.45e-70   0.189    0.189    0.938
490         30 1.3e+14  +8.62e+16   +1.05e+17   0.0971     +1.67e-65   +1.67e-85   +5.23e-70   0.189    0.189    0.938
491         30 1.4e+14  +9.24e+16   +1.12e+17   0.0971     +1.36e-65   +1.36e-85   +4.24e-70   0.189    0.189    0.938
492         30 1.5e+14  +9.91e+16   +1.20e+17   0.0971     +1.10e-65   +1.10e-85   +3.44e-70   0.189    0.189    0.938
493         30 1.6e+14  +1.06e+17   +1.29e+17   0.0971     +8.91e-66   +8.91e-86   +2.79e-70   0.189    0.189    0.938
494         30 1.7e+14  +1.14e+17   +1.39e+17   0.0971     +7.22e-66   +7.22e-86   +2.26e-70   0.189    0.189    0.938
495         30 1.8e+14  +1.22e+17   +1.49e+17   0.0971     +5.85e-66   +5.85e-86   +1.83e-70   0.189    0.189    0.938
496         30 1.9e+14  +1.31e+17   +1.59e+17   0.0971     +4.74e-66   +4.74e-86   +1.48e-70   0.189    0.189    0.938
497         30 2.1e+14  +1.41e+17   +1.71e+17   0.0971     +3.84e-66   +3.84e-86   +1.20e-70   0.189    0.189    0.938
498         30 2.2e+14  +1.51e+17   +1.83e+17   0.0971     +3.12e-66   +3.12e-86   +9.75e-71   0.189    0.189    0.938
499         30 2.4e+14  +1.62e+17   +1.97e+17   0.0971     +2.53e-66   +2.53e-86   +7.90e-71   0.189    0.189    0.938
500         30 2.6e+14  +1.74e+17   +2.11e+17   0.0971     +2.05e-66   +2.05e-86   +6.41e-71   0.189    0.189    0.938
-----maxIterations exceeded-----

primalObjective = 186082957104027732.3056425887988122579377533839987378692324291027768803314538309392183493039429291430264549324947290161107401128227147936501504928029940703217572503586393374103883649355647593703048157344659585873400718360673014560146760894891511398247572141554092375266238415485732228071590157462517250774970787
dualObjective   = 226124537415153550.8541828156559105485323950690635152026802808226133065579965735989804409350037169827191168792100361397074187478551272892368669277034773829908873580376890247306353072192797336506708536488985431479774916130181981772208612307568730631897801494791921078043813420064725936187453108007383801525921047
dualityGap      = 0.09713937966565176218843244341732753094245320421217040526355723524038991887394548738281141461193724669360761971066410681233244917693502191347817499511480313063905217348779925057066119057309010347233440462818189343838635485742207185987456285017412752599684801980210700831591279739696312683230758615119135196889107
primalError     = 1.659751053870660406445481358321424855936467746179852476457600000656496758774197221275723765914659788127419993856686951261680456325903164747828527107407804218020741797106311159440573176818450729249434151337241824356720946333277893020479768927288503140160271443827119715416481064483602256436924892772415491989255e-66
dualError       = 5.192609551709997455501864421372236589926918012502832113187246068285332517185559936627069168021930194835055808874650886645087804067034263526825092834473615107044016113419244057598637363390350539257075184839540271565439842871828443843912585454708117248009491859717192210323539049798079812919435082196507793955838e-71

Saving checkpoint to    : "/usr/local/share/sdpb/ck_upper_g3"
Saving solution to      : "/usr/local/share/sdpb/out_upper_g3"